{
"type": "FeatureCollection",
"name": "dagana_region",
"crs": { "type": "name", "properties": { "name": "urn:ogc:def:crs:OGC:1.3:CRS84" } },
"features": [
{ "type": "Feature", "properties": { "Name": null, "description": null, "timestamp": null, "begin": null, "end": null, "altitudeMode": null, "tessellate": -1, "extrude": 0, "visibility": -1, "drawOrder": null, "icon": null }, "geometry": { "type": "MultiPolygon", "coordinates": [ [ [ [ -16.5075691, 15.9742434 ], [ -16.506228, 15.9784929 ], [ -16.5061191, 15.9796105 ], [ -16.5060547, 15.9810648 ], [ -16.506346, 15.9870124 ], [ -16.5065804, 15.9904608 ], [ -16.5066985, 15.99471 ], [ -16.5067736, 15.9978969 ], [ -16.5066786, 16.0003782 ], [ -16.5065391, 16.0018633 ], [ -16.5062371, 16.0036826 ], [ -16.5059625, 16.0046859 ], [ -16.5053375, 16.0063082 ], [ -16.5048638, 16.008014 ], [ -16.5047029, 16.0087874 ], [ -16.504542, 16.0099012 ], [ -16.5042523, 16.0130259 ], [ -16.5041392, 16.0140492 ], [ -16.5040384, 16.0149619 ], [ -16.5039964, 16.0153421 ], [ -16.5035453, 16.017549 ], [ -16.5021172, 16.0213789 ], [ -16.5014751, 16.0248912 ], [ -16.5001663, 16.0298488 ], [ -16.4984558, 16.0363276 ], [ -16.4982355, 16.037162 ], [ -16.4979839, 16.0379941 ], [ -16.4977168, 16.0387602 ], [ -16.4966154, 16.0415717 ], [ -16.4952464, 16.0443752 ], [ -16.4940513, 16.0465966 ], [ -16.492363, 16.0488324 ], [ -16.4893457, 16.0528375 ], [ -16.4872045, 16.0553107 ], [ -16.4849863, 16.0577571 ], [ -16.4839772, 16.0589302 ], [ -16.4824574, 16.0605385 ], [ -16.4814076, 16.0615793 ], [ -16.4799313, 16.0629557 ], [ -16.478354, 16.0644578 ], [ -16.4771256, 16.0656486 ], [ -16.4756765, 16.0674677 ], [ -16.4750462, 16.0683528 ], [ -16.47438, 16.069425 ], [ -16.4733779, 16.071173 ], [ -16.4724455, 16.0727575 ], [ -16.4702204, 16.0767679 ], [ -16.4696534, 16.0774674 ], [ -16.4691472, 16.0779582 ], [ -16.4686454, 16.0783777 ], [ -16.4680907, 16.0788003 ], [ -16.4675395, 16.0791211 ], [ -16.466966, 16.0794144 ], [ -16.4662825, 16.0796423 ], [ -16.4655088, 16.0798874 ], [ -16.4647438, 16.080105 ], [ -16.4636533, 16.0803354 ], [ -16.4599443, 16.0808812 ], [ -16.4590463, 16.081034 ], [ -16.4584017, 16.0811691 ], [ -16.4577999, 16.0813345 ], [ -16.4572184, 16.0815693 ], [ -16.4566645, 16.0818386 ], [ -16.4561331, 16.0821533 ], [ -16.4556211, 16.0825005 ], [ -16.4551117, 16.0828932 ], [ -16.4544852, 16.0834154 ], [ -16.4530253, 16.0849739 ], [ -16.4526165, 16.0855032 ], [ -16.4522093, 16.0860785 ], [ -16.4518135, 16.0867475 ], [ -16.4514599, 16.0874866 ], [ -16.4489988, 16.0940352 ], [ -16.4486206, 16.094949 ], [ -16.4482467, 16.0958339 ], [ -16.4479071, 16.0965225 ], [ -16.4474919, 16.0973054 ], [ -16.4469603, 16.09821 ], [ -16.4463702, 16.0990862 ], [ -16.4453571, 16.100495 ], [ -16.4450561, 16.1009331 ], [ -16.4447311, 16.1014062 ], [ -16.4442563, 16.1021427 ], [ -16.4439406, 16.1027878 ], [ -16.4437191, 16.1033454 ], [ -16.4435292, 16.1039866 ], [ -16.4434198, 16.1045664 ], [ -16.4433109, 16.1052333 ], [ -16.4432449, 16.1059383 ], [ -16.4432771, 16.1066403 ], [ -16.4433299, 16.1071399 ], [ -16.4434543, 16.1078053 ], [ -16.4436558, 16.1084766 ], [ -16.4439259, 16.109121 ], [ -16.4442708, 16.109823 ], [ -16.4446265, 16.1104749 ], [ -16.4450824, 16.1111619 ], [ -16.4454558, 16.1116588 ], [ -16.4459273, 16.1121927 ], [ -16.4464922, 16.1126797 ], [ -16.4473413, 16.1132508 ], [ -16.4478471, 16.1135744 ], [ -16.4518234, 16.1161182 ], [ -16.4526806, 16.1167774 ], [ -16.453555, 16.1175257 ], [ -16.4544466, 16.1184605 ], [ -16.4552181, 16.1194405 ], [ -16.4555364, 16.1199806 ], [ -16.4558389, 16.1205763 ], [ -16.4560449, 16.1211355 ], [ -16.456201, 16.1217152 ], [ -16.4562874, 16.1222589 ], [ -16.4563124, 16.1226707 ], [ -16.4562504, 16.1232324 ], [ -16.4561291, 16.1239194 ], [ -16.455943, 16.124645 ], [ -16.4555643, 16.1258318 ], [ -16.4551088, 16.1269701 ], [ -16.4547408, 16.127789 ], [ -16.4518172, 16.1326769 ], [ -16.4515415, 16.1333715 ], [ -16.4513612, 16.1339981 ], [ -16.4512175, 16.1346474 ], [ -16.4511611, 16.135257 ], [ -16.4511681, 16.1355917 ], [ -16.4511751, 16.1359238 ], [ -16.4513752, 16.1373512 ], [ -16.4522147, 16.1407162 ], [ -16.4524078, 16.1417318 ], [ -16.4524615, 16.1422986 ], [ -16.4525972, 16.1443041 ], [ -16.4527656, 16.1502134 ], [ -16.4528257, 16.1531406 ], [ -16.4528266, 16.1532443 ], [ -16.4528429, 16.1550625 ], [ -16.4528166, 16.1566428 ], [ -16.4527174, 16.1581783 ], [ -16.4526616, 16.1599775 ], [ -16.4526412, 16.1610961 ], [ -16.4526761, 16.1618654 ], [ -16.4527721, 16.1630896 ], [ -16.4529711, 16.164389 ], [ -16.4534877, 16.1667704 ], [ -16.4545364, 16.1712121 ], [ -16.454655, 16.1719891 ], [ -16.454773, 16.1729628 ], [ -16.4548637, 16.1739 ], [ -16.454906, 16.1750695 ], [ -16.4548272, 16.1781403 ], [ -16.4547676, 16.1791752 ], [ -16.4546486, 16.1800716 ], [ -16.4543433, 16.1819845 ], [ -16.4541019, 16.182882 ], [ -16.4537463, 16.1838732 ], [ -16.4534147, 16.184683 ], [ -16.4530047, 16.1855814 ], [ -16.4525425, 16.1865341 ], [ -16.4520323, 16.1874753 ], [ -16.4503164, 16.1905661 ], [ -16.447441, 16.1954183 ], [ -16.4447854, 16.2001467 ], [ -16.4443258, 16.2008854 ], [ -16.4438779, 16.2015545 ], [ -16.4433972, 16.2022072 ], [ -16.4428854, 16.2028109 ], [ -16.4411933, 16.2050621 ], [ -16.4391721, 16.2073058 ], [ -16.4340769, 16.2121851 ], [ -16.4324011, 16.213341 ], [ -16.4304688, 16.2144093 ], [ -16.4291556, 16.2148904 ], [ -16.4282147, 16.2150791 ], [ -16.4264759, 16.2154628 ], [ -16.4240714, 16.215983 ], [ -16.4234115, 16.2160731 ], [ -16.4228546, 16.2161232 ], [ -16.4221557, 16.2161689 ], [ -16.4214362, 16.216137 ], [ -16.415024, 16.2158104 ], [ -16.4147075, 16.2157911 ], [ -16.4114547, 16.2155902 ], [ -16.4106934, 16.2155056 ], [ -16.4101591, 16.2153505 ], [ -16.4096447, 16.215145 ], [ -16.4090095, 16.2148194 ], [ -16.4079891, 16.2141538 ], [ -16.4071794, 16.2136408 ], [ -16.4066944, 16.21339 ], [ -16.406173, 16.2131973 ], [ -16.4053619, 16.2129774 ], [ -16.4043464, 16.2127873 ], [ -16.4031528, 16.2126116 ], [ -16.4014312, 16.2124931 ], [ -16.4002582, 16.2124885 ], [ -16.3991966, 16.2125297 ], [ -16.3982422, 16.2126446 ], [ -16.3972595, 16.2128038 ], [ -16.396126, 16.2130866 ], [ -16.3948551, 16.2134368 ], [ -16.3934572, 16.2139092 ], [ -16.3920388, 16.2144609 ], [ -16.3908468, 16.2150553 ], [ -16.3897209, 16.2156528 ], [ -16.3879966, 16.2166933 ], [ -16.3862678, 16.2178868 ], [ -16.3854014, 16.2185951 ], [ -16.3845619, 16.219395 ], [ -16.3838291, 16.2201882 ], [ -16.3831355, 16.2210891 ], [ -16.381178, 16.2240884 ], [ -16.3805091, 16.2249682 ], [ -16.3768741, 16.22891 ], [ -16.3728133, 16.2325077 ], [ -16.3722886, 16.2330496 ], [ -16.3717763, 16.2336785 ], [ -16.3712329, 16.2345252 ], [ -16.370829, 16.2352695 ], [ -16.3704675, 16.2359962 ], [ -16.3699434, 16.2373538 ], [ -16.3695668, 16.2386821 ], [ -16.3690201, 16.2413083 ], [ -16.367689, 16.2515273 ], [ -16.3674762, 16.252921 ], [ -16.3672541, 16.2538603 ], [ -16.3669924, 16.2546632 ], [ -16.3663266, 16.2564003 ], [ -16.3659044, 16.2573412 ], [ -16.3654908, 16.2581234 ], [ -16.3650392, 16.258846 ], [ -16.3645247, 16.2595505 ], [ -16.3639631, 16.2601937 ], [ -16.3632475, 16.2608709 ], [ -16.3625125, 16.2615249 ], [ -16.3574968, 16.2654722 ], [ -16.3562605, 16.2665108 ], [ -16.355601, 16.2671386 ], [ -16.3551751, 16.2676284 ], [ -16.3547899, 16.2681315 ], [ -16.3543763, 16.2687561 ], [ -16.3540491, 16.2694344 ], [ -16.353813, 16.270078 ], [ -16.3536875, 16.2706738 ], [ -16.353342, 16.2734762 ], [ -16.3532133, 16.2751879 ], [ -16.3531682, 16.2765298 ], [ -16.3532128, 16.2772353 ], [ -16.353327, 16.2781246 ], [ -16.3534697, 16.2788378 ], [ -16.3537937, 16.2798769 ], [ -16.3545465, 16.2816348 ], [ -16.3550328, 16.2825888 ], [ -16.3555849, 16.2835237 ], [ -16.3561879, 16.284399 ], [ -16.3571266, 16.2856822 ], [ -16.358185, 16.2869633 ], [ -16.3589929, 16.2878279 ], [ -16.3599183, 16.2887398 ], [ -16.3640222, 16.2924706 ], [ -16.3646803, 16.2931072 ], [ -16.3651845, 16.2937374 ], [ -16.3656056, 16.2942914 ], [ -16.3661158, 16.2950586 ], [ -16.3665535, 16.2958675 ], [ -16.3669271, 16.2966683 ], [ -16.3672718, 16.2974905 ], [ -16.3675985, 16.2984831 ], [ -16.3678533, 16.2993471 ], [ -16.3680406, 16.3002106 ], [ -16.368172, 16.3010143 ], [ -16.3682546, 16.3019128 ], [ -16.3682771, 16.3029188 ], [ -16.3682573, 16.3040001 ], [ -16.3682546, 16.3049891 ], [ -16.3681731, 16.3061486 ], [ -16.368069, 16.3071907 ], [ -16.367878, 16.3083985 ], [ -16.3676736, 16.3095534 ], [ -16.3674709, 16.3105408 ], [ -16.3672434, 16.3115242 ], [ -16.3666189, 16.3139007 ], [ -16.3663223, 16.3148877 ], [ -16.3656625, 16.3167262 ], [ -16.3653122, 16.3176158 ], [ -16.3642307, 16.3198414 ], [ -16.3629867, 16.322153 ], [ -16.3623403, 16.323248 ], [ -16.3610357, 16.3252841 ], [ -16.3602525, 16.3264023 ], [ -16.3571068, 16.3303781 ], [ -16.356594, 16.3309135 ], [ -16.3560355, 16.3314103 ], [ -16.3554867, 16.3318237 ], [ -16.3549492, 16.3321531 ], [ -16.3543152, 16.3324424 ], [ -16.3535942, 16.3326602 ], [ -16.3528716, 16.3328218 ], [ -16.3521495, 16.33293 ], [ -16.3513347, 16.3329964 ], [ -16.3488702, 16.3330221 ], [ -16.3482582, 16.3330478 ], [ -16.3477507, 16.3331004 ], [ -16.3473071, 16.3332049 ], [ -16.3468377, 16.3333892 ], [ -16.3462653, 16.3336316 ], [ -16.3452607, 16.3342256 ], [ -16.3411977, 16.3371197 ], [ -16.3405946, 16.3376114 ], [ -16.3400994, 16.3381463 ], [ -16.3378651, 16.3409481 ], [ -16.3347787, 16.3445005 ], [ -16.333776689895402, 16.345811291182901 ], [ -16.330357207213801, 16.347241702391301 ], [ -16.330357033619801, 16.347241775971099 ], [ -16.328993447491101, 16.347827345143301 ], [ -16.327650568098701, 16.348229684806601 ], [ -16.326221090575402, 16.348507969403499 ], [ -16.324509138836401, 16.348681320619701 ], [ -16.322780093339599, 16.348662356012898 ], [ -16.3209816294832, 16.348366477899901 ], [ -16.319313366718202, 16.3478411191006 ], [ -16.318065838228801, 16.3472803140933 ], [ -16.316816005397801, 16.346604136896499 ], [ -16.316813522064798, 16.346603005080301 ], [ -16.315577149399399, 16.346138537814799 ], [ -16.3155733109393, 16.346137517124198 ], [ -16.313850782734601, 16.345858763914499 ], [ -16.313846874861799, 16.345858519774598 ], [ -16.312091554314801, 16.345921126122601 ], [ -16.312087637988999, 16.3459216565264 ], [ -16.309869403600199, 16.346449421384801 ], [ -16.3098665587444, 16.346450327303899 ], [ -16.306785814457999, 16.347691538514098 ], [ -16.3067843867689, 16.347692179740399 ], [ -16.3037321512424, 16.349209244436999 ], [ -16.3037309321221, 16.349210111747698 ], [ -16.303729587158401, 16.3492107671517 ], [ -16.302462918878199, 16.350097041874999 ], [ -16.302460932826499, 16.350098628673098 ], [ -16.3012617699105, 16.351188544396098 ], [ -16.3012600486291, 16.351190314851198 ], [ -16.299928045232299, 16.352741432316598 ], [ -16.2999271800605, 16.352742513379599 ], [ -16.299029078943299, 16.353948003258498 ], [ -16.2990270992183, 16.3539512715674 ], [ -16.297990089494601, 16.356103810999901 ], [ -16.2965271506242, 16.358834333807099 ], [ -16.2947048219377, 16.361133482988802 ], [ -16.2926810463671, 16.362984276295801 ], [ -16.290719126834802, 16.364390502813499 ], [ -16.2883065745037, 16.365623053841901 ], [ -16.2846450642881, 16.367068730298399 ], [ -16.281146001218801, 16.368016843153701 ], [ -16.27954300115, 16.3681993928097 ], [ -16.278279485803001, 16.367995580719999 ], [ -16.277034146680801, 16.367315509470899 ], [ -16.2765746947215, 16.366905300357899 ], [ -16.275831023760599, 16.365765067957099 ], [ -16.275387473778501, 16.364675005994702 ], [ -16.275387368113599, 16.3646747513557 ], [ -16.274977614416901, 16.3637062088413 ], [ -16.274655038921601, 16.3623374614291 ], [ -16.2746545160146, 16.3623356357134 ], [ -16.274281260895901, 16.361233133468001 ], [ -16.274279023178401, 16.3612285511702 ], [ -16.273688327159402, 16.360331095817902 ], [ -16.273681924081401, 16.360324949587699 ], [ -16.272221165930102, 16.359446977975999 ], [ -16.272217823294302, 16.359445370221501 ], [ -16.2705353781555, 16.358820805826099 ], [ -16.270531042681501, 16.358819728581199 ], [ -16.268610630085199, 16.358565485838401 ], [ -16.268607159732099, 16.358565330717301 ], [ -16.266529403961499, 16.358653242639299 ], [ -16.266523718251701, 16.358654321222399 ], [ -16.264521866046501, 16.359345961232499 ], [ -16.264518345539301, 16.359347574203898 ], [ -16.262776017385999, 16.3603604574546 ], [ -16.262771856184902, 16.360363676988101 ], [ -16.260787079821601, 16.362368461569801 ], [ -16.260785204119401, 16.362370651632801 ], [ -16.258725282902901, 16.365160088273399 ], [ -16.2587251274139, 16.365160387668599 ], [ -16.2587248950564, 16.3651606322587 ], [ -16.2574133222301, 16.367066786089602 ], [ -16.255869218370702, 16.3692850029454 ], [ -16.254953029190499, 16.370188460316299 ], [ -16.2539108799986, 16.370730347876101 ], [ -16.252914324773901, 16.371016419925901 ], [ -16.2519399926564, 16.371136639596699 ], [ -16.250182710945701, 16.370899832572601 ], [ -16.2485082297014, 16.370451426294501 ], [ -16.2469500402803, 16.369798149800602 ], [ -16.2450489729647, 16.368585967839799 ], [ -16.242956804272701, 16.3669692478286 ], [ -16.2410129547076, 16.365077043769901 ], [ -16.241012636594998, 16.365076740841399 ], [ -16.2389626540633, 16.363167092850102 ], [ -16.238960895517099, 16.363165633147499 ], [ -16.2375537813497, 16.362127485307798 ], [ -16.237552306883298, 16.362126495451999 ], [ -16.235427971425398, 16.3608333519818 ], [ -16.233811924881699, 16.359799778547199 ], [ -16.2318838142359, 16.3583174009019 ], [ -16.2318836126178, 16.358316936836001 ], [ -16.2318794677421, 16.358312249108199 ], [ -16.231471650002501, 16.357975867112501 ], [ -16.230336737479501, 16.356854844331501 ], [ -16.2297522413118, 16.3560835412001 ], [ -16.229549516219901, 16.355522120473001 ], [ -16.2294212341098, 16.354197632036399 ], [ -16.2294209959237, 16.354195934664698 ], [ -16.229277680163801, 16.3534184191058 ], [ -16.229276220620299, 16.3534137724141 ], [ -16.228835642498201, 16.352443944095 ], [ -16.228832793939599, 16.352439407892 ], [ -16.227616278903501, 16.3509804856463 ], [ -16.227611997396199, 16.350976643008298 ], [ -16.225717927365299, 16.349716385592899 ], [ -16.2257138011271, 16.349714284000299 ], [ -16.223769704498501, 16.348993478693899 ], [ -16.223762912753099, 16.3489922318991 ], [ -16.221420669156899, 16.348973368195601 ], [ -16.2214153891419, 16.3489740337324 ], [ -16.219326165261901, 16.349527190233001 ], [ -16.219321279206898, 16.349529206427999 ], [ -16.217219582818601, 16.350743430785698 ], [ -16.217218230326498, 16.3507442861046 ], [ -16.214682123502701, 16.3524939696592 ], [ -16.211537193532099, 16.354150715201001 ], [ -16.208143471321002, 16.355626191003299 ], [ -16.205216056322801, 16.356645852527901 ], [ -16.205215110110199, 16.356646359967201 ], [ -16.2052140797108, 16.3566466617781 ], [ -16.203903520391901, 16.357266878670899 ], [ -16.203901423285298, 16.357268029377799 ], [ -16.202949650237301, 16.357866987432399 ], [ -16.202946370496001, 16.357869565452301 ], [ -16.201461408833701, 16.359311373523301 ], [ -16.201459243552801, 16.359313853572498 ], [ -16.200693582946599, 16.3603522802748 ], [ -16.200691558041498, 16.3603556886676 ], [ -16.200103158529799, 16.361616010732199 ], [ -16.200102427785701, 16.361617795821701 ], [ -16.1995185445864, 16.363266790896301 ], [ -16.198822448251502, 16.3648151847745 ], [ -16.1977053510224, 16.366387095041102 ], [ -16.196066271535901, 16.368148137068001 ], [ -16.1927823170656, 16.371216984211099 ], [ -16.190122431665898, 16.373221255851199 ], [ -16.188110738227, 16.3744502141477 ], [ -16.185752037950799, 16.375542564733198 ], [ -16.180541298915202, 16.3774880432284 ], [ -16.178584035347701, 16.378175861172402 ], [ -16.178582927293402, 16.378176287923399 ], [ -16.1768095830408, 16.3789204417115 ], [ -16.175038293883301, 16.379584963696999 ], [ -16.172916774886801, 16.380213159854701 ], [ -16.171199137716101, 16.380613591312901 ], [ -16.169803787328799, 16.380874542148199 ], [ -16.167790897398501, 16.380852205060499 ], [ -16.166227590469099, 16.380805881328499 ], [ -16.164795588550799, 16.3806413854551 ], [ -16.1630088047763, 16.380360191022699 ], [ -16.163005409207202, 16.3803599499124 ], [ -16.161278596791799, 16.3803846755468 ], [ -16.1612741206172, 16.380385248810999 ], [ -16.159148253519898, 16.380906466052899 ], [ -16.1591468859774, 16.380906853345198 ], [ -16.1571353772941, 16.3815545612715 ], [ -16.157133506159301, 16.3815552688841 ], [ -16.155178632002901, 16.3824085977203 ], [ -16.1551766790977, 16.382409580574201 ], [ -16.1528614451213, 16.383738119775899 ], [ -16.1528613668013, 16.383738182855499 ], [ -16.1528612731823, 16.383738219577999 ], [ -16.151182633014901, 16.384723773833102 ], [ -16.151180691628699, 16.384725071750299 ], [ -16.149929875843, 16.385671459013299 ], [ -16.149929609530101, 16.385671664051198 ], [ -16.148516380698599, 16.386778765652501 ], [ -16.148514389405801, 16.386780552979399 ], [ -16.1476417456796, 16.3876762175069 ], [ -16.147640528305299, 16.387677587308399 ], [ -16.146592691270602, 16.388971450436699 ], [ -16.146592300112999, 16.388971949403501 ], [ -16.144933130566201, 16.391158938191399 ], [ -16.144102945179, 16.392221084582602 ], [ -16.144101472598098, 16.3922232463669 ], [ -16.143777914032501, 16.392772258384301 ], [ -16.143537785572601, 16.3929864487984 ], [ -16.142921164800001, 16.393205227301699 ], [ -16.142021997399901, 16.393467036394 ], [ -16.142020022121201, 16.3934677254909 ], [ -16.141076366755801, 16.393853397584699 ], [ -16.140724563356802, 16.393994649301 ], [ -16.1404707381656, 16.393974739289799 ], [ -16.140232244609098, 16.393954462177401 ], [ -16.140224646976598, 16.3939552813581 ], [ -16.140025855756999, 16.394016693859999 ], [ -16.1400196983999, 16.394019848464399 ], [ -16.140014984239901, 16.3940249121855 ], [ -16.139935185766198, 16.3941478260965 ], [ -16.139932334901001, 16.394154865445699 ], [ -16.139851609121799, 16.394566238532502 ], [ -16.139669147827298, 16.395189310623401 ], [ -16.1392805178189, 16.395865858527099 ], [ -16.1392804695226, 16.395865943079901 ], [ -16.138715304369899, 16.396860998311901 ], [ -16.138714048863001, 16.3968636425416 ], [ -16.138344912484602, 16.397815222405999 ], [ -16.1383435978248, 16.397821204881701 ], [ -16.138281201353099, 16.398817000083199 ], [ -16.138281186988401, 16.398819246166301 ], [ -16.1383261345416, 16.399721289332199 ], [ -16.138326995918099, 16.399726181362201 ], [ -16.138773242522898, 16.401174959109699 ], [ -16.138774170435301, 16.401177394723302 ], [ -16.139175390719, 16.4020540714248 ], [ -16.139430593267601, 16.402795180488798 ], [ -16.139491534447899, 16.4038377937107 ], [ -16.139491880264998, 16.403839373786798 ], [ -16.139491981704801, 16.4038409880792 ], [ -16.139591794193699, 16.404287682552098 ], [ -16.139593705674301, 16.4042928073162 ], [ -16.139871209017699, 16.404807879626599 ], [ -16.139872543514901, 16.404810021014601 ], [ -16.140223092999399, 16.4053006135061 ], [ -16.140226552983599, 16.4053043428768 ], [ -16.140230841939999, 16.4053070786671 ], [ -16.140841505751901, 16.405594771753901 ], [ -16.140843999229102, 16.405595748293699 ], [ -16.141451329657301, 16.405787804560301 ], [ -16.1421097929117, 16.4062376152153 ], [ -16.1424847878977, 16.407074351632001 ], [ -16.142777329229499, 16.408157101247902 ], [ -16.142879756551402, 16.409591391788702 ], [ -16.142642844272601, 16.410747929321602 ], [ -16.142154555197401, 16.411695706091098 ], [ -16.139130390660998, 16.415952127735601 ], [ -16.1381950481288, 16.416861571552801 ], [ -16.1373832253602, 16.417421003704401 ], [ -16.136666312359001, 16.417768583276398 ], [ -16.136092708760199, 16.417899405515598 ], [ -16.135190186943799, 16.417878066399101 ], [ -16.134229932644899, 16.417725669551199 ], [ -16.128640717303799, 16.4161202091672 ], [ -16.127923086347302, 16.4158906181794 ], [ -16.127442007356098, 16.415581034089101 ], [ -16.126816845495799, 16.414864798904901 ], [ -16.126433137067998, 16.4140392739696 ], [ -16.126095512065099, 16.413229261524201 ], [ -16.125626603528001, 16.4111673912657 ], [ -16.125626326536601, 16.4111663130086 ], [ -16.125258687272598, 16.409884364868201 ], [ -16.125258274917499, 16.409883089847298 ], [ -16.125039004561, 16.409275427046801 ], [ -16.125037113336301, 16.409271554133301 ], [ -16.124671282780799, 16.408690914335999 ], [ -16.124669864462899, 16.4086889403033 ], [ -16.124170521291099, 16.4080762634031 ], [ -16.124169830878401, 16.408075645683901 ], [ -16.124169293461101, 16.408074891078499 ], [ -16.123692037341002, 16.407588516274199 ], [ -16.123691436735101, 16.4075879293644 ], [ -16.1228780901737, 16.406825846977899 ], [ -16.1228714385553, 16.406821715223401 ], [ -16.121894358232399, 16.406455272721601 ], [ -16.1218896383158, 16.4064541321282 ], [ -16.120994642959001, 16.4063503750574 ], [ -16.1209894216239, 16.406350456034801 ], [ -16.1201624603924, 16.406472421327098 ], [ -16.120156797383999, 16.4064741417539 ], [ -16.119235069513099, 16.406911964177802 ], [ -16.119232087877201, 16.406913710962801 ], [ -16.1183552644078, 16.407534992142701 ], [ -16.118353145412701, 16.4075367229375 ], [ -16.117427122015901, 16.408405224345799 ], [ -16.117426215089001, 16.4084061313233 ], [ -16.116399665773699, 16.4095007927938 ], [ -16.116398418465799, 16.409502258202401 ], [ -16.115410655917799, 16.410782774338099 ], [ -16.1144218126685, 16.411945297645499 ], [ -16.114421646569099, 16.411945495493399 ], [ -16.113480917130801, 16.4130808472075 ], [ -16.113478933240799, 16.4130837188813 ], [ -16.112621729396601, 16.414590667570099 ], [ -16.112621470131799, 16.414591137938299 ], [ -16.111835109155301, 16.416064232200998 ], [ -16.1109978360453, 16.417133950513801 ], [ -16.110055650073001, 16.417954328560899 ], [ -16.109033785124399, 16.418650066445402 ], [ -16.108220051741799, 16.419001481549799 ], [ -16.107321603412299, 16.419166555900802 ], [ -16.1065386948347, 16.419096447714299 ], [ -16.105938960298602, 16.418816696673399 ], [ -16.105378088638599, 16.4182603455852 ], [ -16.105052101291701, 16.4177574150082 ], [ -16.104718687798101, 16.416450173584899 ], [ -16.104717781799, 16.4164474530767 ], [ -16.104154531607101, 16.4150896488621 ], [ -16.104154066138801, 16.415088611170098 ], [ -16.103629785626001, 16.414003526363999 ], [ -16.103628180220898, 16.4140007839896 ], [ -16.1026345054205, 16.412576467279099 ], [ -16.102633806349999, 16.4125755253615 ], [ -16.101641173230501, 16.411316937287602 ], [ -16.101640326217399, 16.411315933014599 ], [ -16.100678196756501, 16.410248383488799 ], [ -16.1006752446647, 16.410245701899498 ], [ -16.099246748826801, 16.4091875569226 ], [ -16.099243527389898, 16.409185611309699 ], [ -16.0977110848916, 16.408447055975799 ], [ -16.097709990958101, 16.408446727122602 ], [ -16.097708984402001, 16.408446187048899 ], [ -16.0972804497612, 16.408296820876501 ], [ -16.097278975805299, 16.4082963700275 ], [ -16.096516538159499, 16.4080949357393 ], [ -16.096513648709902, 16.408094395776899 ], [ -16.095118138791801, 16.407938586558799 ], [ -16.0951168398235, 16.407938484237 ], [ -16.0931960202842, 16.407850008811899 ], [ -16.093194736596701, 16.407849990931599 ], [ -16.0907111527595, 16.4078951297559 ], [ -16.086993541425599, 16.407807315036301 ], [ -16.086993474606999, 16.407807313569698 ], [ -16.083760052301301, 16.4077417464778 ], [ -16.082933369353601, 16.407697792622599 ], [ -16.082500309922001, 16.407609768078199 ], [ -16.082298823752101, 16.407566763098 ], [ -16.081974901785198, 16.4072851092949 ], [ -16.0815497243855, 16.406807619727399 ], [ -16.081152229343399, 16.406208418369001 ], [ -16.080903385688099, 16.4054701761833 ], [ -16.080643695622499, 16.404495579312499 ], [ -16.0806434506889, 16.404494735118099 ], [ -16.080331616815201, 16.403502021279401 ], [ -16.080331584393601, 16.403501919026201 ], [ -16.080115604070699, 16.402827034016099 ], [ -16.080112200596499, 16.402820670511002 ], [ -16.0798312881792, 16.4024679394504 ], [ -16.079828155016099, 16.402464795792302 ], [ -16.079319859609502, 16.402057207824701 ], [ -16.079317812837299, 16.402055767315101 ], [ -16.078660771427799, 16.4016523382254 ], [ -16.078655599985598, 16.4016500950951 ], [ -16.0778228192302, 16.401421528020801 ], [ -16.0778189728264, 16.401420867197 ], [ -16.077036564550401, 16.4013641077823 ], [ -16.0770315804312, 16.401364370611599 ], [ -16.075864161396201, 16.401574136974801 ], [ -16.075863426723998, 16.401574283236599 ], [ -16.074547274753101, 16.401862033844299 ], [ -16.0745451251722, 16.401862631184802 ], [ -16.072715591141598, 16.4024828660047 ], [ -16.071333130459799, 16.402796457722101 ], [ -16.069246911039102, 16.4030337877977 ], [ -16.068495353971802, 16.403089471816301 ], [ -16.066514917228499, 16.4028189146313 ], [ -16.064655602134099, 16.4022486802487 ], [ -16.062477493304002, 16.4015207463016 ], [ -16.060572715014001, 16.4008690980565 ], [ -16.0605702232494, 16.400868421733701 ], [ -16.058826551465401, 16.400514153988102 ], [ -16.058824419368399, 16.400513839296799 ], [ -16.057102669479999, 16.400353890580199 ], [ -16.057101956894702, 16.400353837202399 ], [ -16.0548656558407, 16.400226449518499 ], [ -16.054865586294799, 16.400226445678399 ], [ -16.0524912038404, 16.400099486614302 ], [ -16.050470347976798, 16.399972859297201 ], [ -16.050466257612399, 16.399973022760701 ], [ -16.048690327922198, 16.400227750911299 ], [ -16.0486868185004, 16.400228582811302 ], [ -16.0474418182805, 16.400645368755601 ], [ -16.0474366703749, 16.400647969026 ], [ -16.0464200938648, 16.401362137263099 ], [ -16.046417860953301, 16.401363959745201 ], [ -16.045295581685501, 16.402423507778 ], [ -16.045294517029699, 16.4024245923362 ], [ -16.044057041031301, 16.403784943450201 ], [ -16.044055837745301, 16.4037863986864 ], [ -16.042302777738399, 16.4061229168247 ], [ -16.042302694789999, 16.406123028183401 ], [ -16.040264099725899, 16.4088797780738 ], [ -16.0402622638431, 16.4088814541993 ], [ -16.039860497624399, 16.409384656541398 ], [ -16.038965512537899, 16.4104736037192 ], [ -16.0389637543859, 16.4104761124017 ], [ -16.0382632597357, 16.4116591010145 ], [ -16.038262922577399, 16.4116596931879 ], [ -16.0378420123164, 16.412429163889101 ], [ -16.037394527665398, 16.412833721662601 ], [ -16.036614042341998, 16.413278885915499 ], [ -16.035533152813599, 16.4138342095501 ], [ -16.035533016503301, 16.413834280244298 ], [ -16.034932195888501, 16.4141488147418 ], [ -16.033364254487601, 16.414607407636101 ], [ -16.032553785060401, 16.414749076107 ], [ -16.032068486637101, 16.414713985856299 ], [ -16.0314647959908, 16.414327615384899 ], [ -16.030433552885, 16.4133853148148 ], [ -16.029357133258301, 16.412359330785399 ], [ -16.029355196527199, 16.412357705569001 ], [ -16.028038042018, 16.411387398963399 ], [ -16.0280376965251, 16.411387150079399 ], [ -16.026276570087202, 16.410146741913699 ], [ -16.026276299985899, 16.410146554973601 ], [ -16.025199824426899, 16.409414515696302 ], [ -16.024514758974099, 16.408386974079601 ], [ -16.0241530520799, 16.407503147403599 ], [ -16.023992908409099, 16.406696379785 ], [ -16.023947342771098, 16.4057863760153 ], [ -16.023945981738802, 16.405780060386899 ], [ -16.023494945645599, 16.404632469660701 ], [ -16.023494329306601, 16.404631062730999 ], [ -16.023154349371701, 16.403929583409401 ], [ -16.023151378930098, 16.403925108259301 ], [ -16.0231473246359, 16.4039215850236 ], [ -16.022430726634902, 16.4034513335681 ], [ -16.022426089236799, 16.403449084673099 ], [ -16.021523594192701, 16.403147675972502 ], [ -16.021518205983199, 16.403146668441899 ], [ -16.021436324382801, 16.403142785923901 ], [ -16.021433062912202, 16.403182676218101 ], [ -16.021513547663801, 16.403186492502702 ], [ -16.022410953496699, 16.4034862015457 ], [ -16.023120762404499, 16.4039519978102 ], [ -16.023457998896198, 16.404647816595698 ], [ -16.023907556515599, 16.4057916455765 ], [ -16.023953031563799, 16.4066998401522 ], [ -16.023953389288302, 16.406702733998301 ], [ -16.0241141935462, 16.407512829504999 ], [ -16.024115300895801, 16.407516510667801 ], [ -16.024478497590302, 16.408403977654 ], [ -16.0244803667672, 16.4084074968865 ], [ -16.025168708708598, 16.409439952965599 ], [ -16.0251741028551, 16.409445396812501 ], [ -16.026253671012402, 16.410179539159799 ], [ -16.028014489096201, 16.4114197301435 ], [ -16.029330452352301, 16.412389159190202 ], [ -16.030406107472501, 16.413414414534 ], [ -16.030406415283199, 16.413414701799901 ], [ -16.0314390795393, 16.4143583009491 ], [ -16.0314417893902, 16.414360381770901 ], [ -16.032051199840701, 16.414750412997201 ], [ -16.0320556754757, 16.414752547648099 ], [ -16.032060538716902, 16.4147535155981 ], [ -16.032553358582501, 16.414789149698301 ], [ -16.0325582446937, 16.414788903061101 ], [ -16.033372241412401, 16.414646618026499 ], [ -16.033374412069101, 16.414646112535301 ], [ -16.034945328717299, 16.414186649438001 ], [ -16.034948990264201, 16.414185172469701 ], [ -16.0355515003832, 16.413869753503 ], [ -16.036632710805801, 16.4133142650041 ], [ -16.036633480059098, 16.413313848275301 ], [ -16.037416235307099, 16.412867389328799 ], [ -16.0374197390415, 16.412864852354399 ], [ -16.037871347522501, 16.412456566347 ], [ -16.037875481300901, 16.4124513286379 ], [ -16.038297851853901, 16.4116791883608 ], [ -16.038997390151799, 16.410497814826599 ], [ -16.039891489758599, 16.409409945030401 ], [ -16.039891668087499, 16.409409724893798 ], [ -16.040285035925599, 16.408917041317601 ], [ -16.0402850984078, 16.408917010141501 ], [ -16.040289560156602, 16.408912622934501 ], [ -16.042334814992302, 16.4061468671729 ], [ -16.044087266075699, 16.4038111606217 ], [ -16.045323594334899, 16.402452071211702 ], [ -16.046444270032101, 16.401394037115899 ], [ -16.047457279739898, 16.400682374638901 ], [ -16.0486977995165, 16.4002670886027 ], [ -16.050469900063899, 16.4000129096801 ], [ -16.0524887937476, 16.4001394140465 ], [ -16.052488976617902, 16.400139424664701 ], [ -16.054863415755001, 16.400266386759601 ], [ -16.0570993252704, 16.400393752140101 ], [ -16.058819644804402, 16.400553567978399 ], [ -16.0605609912745, 16.400907363281998 ], [ -16.062464612698101, 16.401558615748701 ], [ -16.062464747145199, 16.401558661212501 ], [ -16.064643159935201, 16.402286696744401 ], [ -16.0646436351457, 16.402286848998301 ], [ -16.0665047391523, 16.402857632023402 ], [ -16.066507896216699, 16.402858327003401 ], [ -16.068492025324002, 16.4031293886204 ], [ -16.068496210256399, 16.403129518013699 ], [ -16.069250258749801, 16.403073649401499 ], [ -16.069250645095199, 16.403073558519001 ], [ -16.069251041605401, 16.403073575899601 ], [ -16.071338743665802, 16.402836077157598 ], [ -16.071340907350098, 16.4028357098268 ], [ -16.072725452895199, 16.402521645187601 ], [ -16.072727449860199, 16.4025210818392 ], [ -16.074556909636598, 16.4019008721924 ], [ -16.075871604166299, 16.4016134402254 ], [ -16.077036178962199, 16.401404184926001 ], [ -16.077814123057799, 16.401460620488901 ], [ -16.0786422676337, 16.401687915105899 ], [ -16.0792958144289, 16.4020891984723 ], [ -16.079801389530498, 16.402494605102799 ], [ -16.0800786255184, 16.4028427198107 ], [ -16.080293471360399, 16.403514059849002 ], [ -16.0806051574157, 16.4045063031121 ], [ -16.0808649009542, 16.405481100662399 ], [ -16.080865274372499, 16.405482339513899 ], [ -16.081115161946801, 16.406223678684398 ], [ -16.0811174479418, 16.406228346319601 ], [ -16.081517176946299, 16.406830915250399 ], [ -16.081518906578999, 16.406833159500302 ], [ -16.081945878012998, 16.407312663833 ], [ -16.081947691553999, 16.4073144561047 ], [ -16.082276474954998, 16.407600336979499 ], [ -16.0822806654127, 16.407603138814501 ], [ -16.082285423321899, 16.4076048039014 ], [ -16.0824920558202, 16.407648907308101 ], [ -16.082492246786099, 16.407648947094899 ], [ -16.082926848992201, 16.407737285226801 ], [ -16.082929770891202, 16.407737657795 ], [ -16.083758256547402, 16.407781707498302 ], [ -16.0837589129512, 16.407781731597201 ], [ -16.086992630246201, 16.407847304670899 ], [ -16.090710626013799, 16.407935128471198 ], [ -16.090711461744998, 16.4079351307461 ], [ -16.093194821340699, 16.407889995997401 ], [ -16.095114348171801, 16.407978411878702 ], [ -16.096507745654598, 16.4081339852425 ], [ -16.097268012798398, 16.408334846089101 ], [ -16.097694744179801, 16.408483583733599 ], [ -16.099224458510601, 16.409220824236701 ], [ -16.100649825164499, 16.4102766512998 ], [ -16.101610172925302, 16.4113422239054 ], [ -16.1026020356876, 16.412599835221201 ], [ -16.103594462790198, 16.4140223635026 ], [ -16.104117802384899, 16.415105500924 ], [ -16.104680283839802, 16.4164614519756 ], [ -16.105014153369201, 16.417770481415701 ], [ -16.105016750118299, 16.417776416859901 ], [ -16.1053456933147, 16.418283907696999 ], [ -16.105348391366299, 16.4182872287052 ], [ -16.105913263899598, 16.4188475484201 ], [ -16.105918894092, 16.418851474288999 ], [ -16.106524963631401, 16.419134180343601 ], [ -16.106531634406998, 16.419135975522501 ], [ -16.107320751759499, 16.4192066396946 ], [ -16.107326149746701, 16.4192063901409 ], [ -16.108229511928599, 16.419040412954502 ], [ -16.108233827066101, 16.419039103217099 ], [ -16.109051394162002, 16.4186860325031 ], [ -16.1090547206868, 16.418684203488901 ], [ -16.1100791435513, 16.4179867240445 ], [ -16.1100810212018, 16.4179852755592 ], [ -16.111025542462698, 16.417162864134902 ], [ -16.111028158361499, 16.4171601077344 ], [ -16.111867681653099, 16.4160875145406 ], [ -16.111869575806899, 16.4160846058329 ], [ -16.1126566307038, 16.414610211645599 ], [ -16.113512835580298, 16.413105019123702 ], [ -16.114452364894799, 16.4119711158203 ], [ -16.115441434212499, 16.410808326738 ], [ -16.115442035972599, 16.410807584028198 ], [ -16.116429502160599, 16.4095274520879 ], [ -16.1174549536168, 16.408433961320199 ], [ -16.118379508836199, 16.407566836890101 ], [ -16.1192537983938, 16.406947351136299 ], [ -16.120171256903799, 16.406511556666601 ], [ -16.120992652597401, 16.4063904122137 ], [ -16.121882602250199, 16.406493584334601 ], [ -16.122853654156199, 16.4068577659494 ], [ -16.123663780839401, 16.4076168314025 ], [ -16.124140097282201, 16.408102248575702 ], [ -16.124638088911301, 16.408713267179401 ], [ -16.125002114910099, 16.4092910428162 ], [ -16.125220421982998, 16.409896036073999 ], [ -16.125587722932401, 16.411176804520501 ], [ -16.1260568887886, 16.413239806254801 ], [ -16.126057930260099, 16.413243065754099 ], [ -16.126396370538199, 16.4140550341656 ], [ -16.126396694529198, 16.414055769510099 ], [ -16.126781771101101, 16.414884237922799 ], [ -16.126784840060001, 16.414888959630499 ], [ -16.127413734747702, 16.415609471438799 ], [ -16.127417979324299, 16.415613138246599 ], [ -16.127903657612801, 16.4159256820781 ], [ -16.127908386366698, 16.415927912458901 ], [ -16.1286288137821, 16.416158398115201 ], [ -16.1286293864936, 16.4161585719397 ], [ -16.134220066619001, 16.417764453071999 ], [ -16.134222453336101, 16.417764983160701 ], [ -16.135185240189699, 16.4179177819369 ], [ -16.1351879023041, 16.4179180235605 ], [ -16.1360942540915, 16.4179394532324 ], [ -16.136099174055499, 16.417938958108699 ], [ -16.1366774315056, 16.417807074461901 ], [ -16.136681709460198, 16.417805571599601 ], [ -16.137402045537399, 16.417456332424202 ], [ -16.137404668896501, 16.417454804477501 ], [ -16.138219131667199, 16.416893553083799 ], [ -16.138221725356999, 16.416891423866598 ], [ -16.139159581433901, 16.415979536102501 ], [ -16.139161943064199, 16.415976780639099 ], [ -16.142187986769901, 16.411717714119501 ], [ -16.1421894620998, 16.411715290051902 ], [ -16.1426796639279, 16.410763800599 ], [ -16.1426814778867, 16.410758654447601 ], [ -16.142919494817001, 16.4095967243241 ], [ -16.1429198508716, 16.409591286107801 ], [ -16.142817090009402, 16.4081523249985 ], [ -16.142816448502298, 16.408148533011701 ], [ -16.142522991764601, 16.4070623953092 ], [ -16.142521935025702, 16.4070594325173 ], [ -16.142143986284701, 16.4062161053076 ], [ -16.142141078373999, 16.4062114554144 ], [ -16.142137016764501, 16.406207770203501 ], [ -16.1414714554389, 16.4057531107008 ], [ -16.141466204279801, 16.405750555982099 ], [ -16.140857339270202, 16.405558014434401 ], [ -16.1402526067343, 16.405273115662801 ], [ -16.139905823813201, 16.4047877944605 ], [ -16.139630229490301, 16.404276265471701 ], [ -16.139531371879901, 16.403833844401401 ], [ -16.139470364669702, 16.402790101505101 ], [ -16.139469308975201, 16.402784756742602 ], [ -16.139212893241101, 16.402040124584101 ], [ -16.139212168941199, 16.402038313382299 ], [ -16.138811085768999, 16.401161936272999 ], [ -16.138365960408802, 16.3997167987418 ], [ -16.1383211934026, 16.398818378937399 ], [ -16.138383325716699, 16.39782679947 ], [ -16.138750810506199, 16.396879477161601 ], [ -16.1393152268489, 16.395885740317901 ], [ -16.1397050162869, 16.395207174017202 ], [ -16.139706867825399, 16.3952028327896 ], [ -16.139890253191702, 16.3945766051616 ], [ -16.139890684958399, 16.394574835632401 ], [ -16.139970841513499, 16.394166363273499 ], [ -16.140044587258998, 16.394052772404201 ], [ -16.1402327345026, 16.393994648142201 ], [ -16.1404674146718, 16.3940146010342 ], [ -16.1404675449987, 16.394014611685801 ], [ -16.1407261047903, 16.394034893078299 ], [ -16.140735120711, 16.3940335141939 ], [ -16.141091327948601, 16.3938904943032 ], [ -16.141091442480299, 16.3938904479065 ], [ -16.1420341854455, 16.393505148710801 ], [ -16.142932900462501, 16.393243471338199 ], [ -16.142933996869999, 16.393243117538901 ], [ -16.143554858321501, 16.393022834432699 ], [ -16.143561483784399, 16.393018910897801 ], [ -16.143806871326699, 16.392800029473602 ], [ -16.143810788583099, 16.3927952588671 ], [ -16.144135267756301, 16.392244684768901 ], [ -16.144964734760698, 16.391183457482899 ], [ -16.1449649105977, 16.391183229143699 ], [ -16.1466239756165, 16.3889963781365 ], [ -16.1476710358418, 16.387703474207999 ], [ -16.148542103738301, 16.3868094270813 ], [ -16.149954144713, 16.385703256028702 ], [ -16.151203893740199, 16.384757675892299 ], [ -16.1528814395407, 16.383772764156099 ], [ -16.155195637746999, 16.382444819305199 ], [ -16.157148590699801, 16.381592329100101 ], [ -16.1591584692131, 16.380945146090301 ], [ -16.1612814401118, 16.3804246389345 ], [ -16.1630042738133, 16.380399970269998 ], [ -16.164789782331098, 16.3806809640094 ], [ -16.1647906091405, 16.380681076507202 ], [ -16.1662238680724, 16.380845716775401 ], [ -16.1662255581106, 16.380845838662999 ], [ -16.1677898978337, 16.380892192998601 ], [ -16.167790268284602, 16.380892200542 ], [ -16.169805309405799, 16.380914561501498 ], [ -16.169809207883599, 16.380914221903101 ], [ -16.171206924957499, 16.380652828462999 ], [ -16.171207789228799, 16.3806526469962 ], [ -16.172926429758601, 16.380251981625701 ], [ -16.1729275673617, 16.3802516808741 ], [ -16.175050332111901, 16.3796231158403 ], [ -16.1750516788296, 16.379622664468801 ], [ -16.176823992926, 16.378957757964301 ], [ -16.176824706679, 16.3789574744413 ], [ -16.1785978573953, 16.378213401867399 ], [ -16.180554743574898, 16.377525716544501 ], [ -16.180554916101499, 16.377525623405901 ], [ -16.180555108245301, 16.377525584406001 ], [ -16.185766744834499, 16.375579770800702 ], [ -16.1857681540728, 16.3755791824134 ], [ -16.188128589619598, 16.3744860281972 ], [ -16.188130611337101, 16.374484947098299 ], [ -16.190144115985198, 16.373254882320801 ], [ -16.190145725450801, 16.373253788123499 ], [ -16.192807234709001, 16.3712482928768 ], [ -16.192808854229199, 16.371246932507301 ], [ -16.196094091913899, 16.3681768862035 ], [ -16.196095076459599, 16.3681758996795 ], [ -16.197735529581401, 16.366413381806399 ], [ -16.197737192144, 16.366411341328 ], [ -16.198856188658901, 16.364836758503401 ], [ -16.1988581275277, 16.364833373510699 ], [ -16.1995553645991, 16.363282442183099 ], [ -16.199555976201701, 16.363280917123301 ], [ -16.200139811570601, 16.361632057130599 ], [ -16.200726959911201, 16.3603744150113 ], [ -16.201490458090898, 16.359338921098701 ], [ -16.2029727300026, 16.357899724612999 ], [ -16.203921713924998, 16.357302521776599 ], [ -16.2052302235521, 16.356683274892099 ], [ -16.208157336647002, 16.355663718524902 ], [ -16.208158732272999, 16.355663172964899 ], [ -16.211553827836301, 16.354187100075499 ], [ -16.211555175188501, 16.354186453404701 ], [ -16.214701821413701, 16.352528803741802 ], [ -16.2147038572854, 16.352527571202302 ], [ -16.2172402861903, 16.3507776654411 ], [ -16.219338980573198, 16.349565175448099 ], [ -16.221423031697601, 16.3490133885199 ], [ -16.223759085485199, 16.349032202372701 ], [ -16.2256977099109, 16.349750978771201 ], [ -16.227587419300502, 16.351008334746599 ], [ -16.228800342057301, 16.3524629489023 ], [ -16.2292387875938, 16.3534280828395 ], [ -16.229381503107799, 16.354202341949101 ], [ -16.229509944765599, 16.3555284776854 ], [ -16.229511040426502, 16.3555333422137 ], [ -16.229715652325599, 16.356099988207699 ], [ -16.229718523416501, 16.3561052750794 ], [ -16.230305722920001, 16.356880145541901 ], [ -16.230307608219501, 16.356882295021101 ], [ -16.231444177864599, 16.358004954643299 ], [ -16.231445506524601, 16.358006154426299 ], [ -16.2318053487088, 16.358302964545899 ], [ -16.231807847804799, 16.358308216729998 ], [ -16.231812150824599, 16.3583127597255 ], [ -16.2337882302037, 16.359832016881899 ], [ -16.2337896444431, 16.359833010008899 ], [ -16.235406606563, 16.360867169017801 ], [ -16.235406983137999, 16.3608674040163 ], [ -16.237530748958601, 16.362160200732099 ], [ -16.238936226846299, 16.363197141348898 ], [ -16.240985211154101, 16.365105859451202 ], [ -16.242929721336701, 16.3669987065756 ], [ -16.242931442650502, 16.367000200878799 ], [ -16.245025229418101, 16.368618171255399 ], [ -16.2450267058442, 16.368619209249498 ], [ -16.246929977097899, 16.3698327965126 ], [ -16.246932996886098, 16.369834377533799 ], [ -16.2484940139014, 16.370488839506599 ], [ -16.248496573368001, 16.370489714247 ], [ -16.250173599190202, 16.370938801932901 ], [ -16.250176101660301, 16.3709393034793 ], [ -16.251937208876999, 16.371176626019398 ], [ -16.251942329047399, 16.371176654652601 ], [ -16.252920782272799, 16.371055926491699 ], [ -16.252923851462398, 16.371055300643999 ], [ -16.253923845035999, 16.370768241578698 ], [ -16.253927553336801, 16.370766762498 ], [ -16.2549741543829, 16.3702225601021 ], [ -16.254978970571901, 16.370219056294498 ], [ -16.2558986199945, 16.3693121867664 ], [ -16.255900991799599, 16.369309372287201 ], [ -16.2574461825361, 16.367089594053901 ], [ -16.257446244320001, 16.367089504781099 ], [ -16.258757658537501, 16.3651835814618 ], [ -16.260816522580399, 16.36239557639 ], [ -16.262798414938999, 16.360393704886199 ], [ -16.264536767091499, 16.359383133039501 ], [ -16.266534016596498, 16.358693083262501 ], [ -16.268607108721302, 16.358605368664001 ], [ -16.270523564631901, 16.358859087582498 ], [ -16.272202156383301, 16.359482221507101 ], [ -16.273657417220399, 16.360356889022299 ], [ -16.2742441976694, 16.361248395376801 ], [ -16.2746163235817, 16.362347562228901 ], [ -16.274939069094302, 16.363717031056201 ], [ -16.274940116353601, 16.363720235868101 ], [ -16.275350475518401, 16.364690209538701 ], [ -16.275794697454799, 16.365781922886001 ], [ -16.275796470626801, 16.365785310735401 ], [ -16.276542641675199, 16.366929376391699 ], [ -16.276546073581599, 16.366933369621002 ], [ -16.2770092223289, 16.367346879310102 ], [ -16.277011145620101, 16.3673481168492 ], [ -16.277012956676401, 16.3673495134977 ], [ -16.278263326759902, 16.368032332120599 ], [ -16.278269727498898, 16.368034523699102 ], [ -16.279539346505199, 16.3682393203432 ], [ -16.279544794421302, 16.368239447129501 ], [ -16.2811520324911, 16.368056414849899 ], [ -16.281155000139702, 16.368055847189499 ], [ -16.284656602201402, 16.367107046364001 ], [ -16.284658716419798, 16.3671063449714 ], [ -16.288322160403801, 16.365659905003898 ], [ -16.288323914674699, 16.3656591127783 ], [ -16.2907386594344, 16.364425441658099 ], [ -16.290741211709999, 16.364423886995301 ], [ -16.2927053166447, 16.363016094067302 ], [ -16.292707162565002, 16.3630145972649 ], [ -16.294732998264202, 16.361161919918899 ], [ -16.2947351746751, 16.3611595842474 ], [ -16.296559608929499, 16.358857778566399 ], [ -16.296561564384, 16.358854800645201 ], [ -16.298025550490198, 16.356122323209998 ], [ -16.2980259393814, 16.356121558386999 ], [ -16.2990623023091, 16.3539703615203 ], [ -16.2999588428743, 16.3527669663161 ], [ -16.301289589073399, 16.3512173128569 ], [ -16.302486894096401, 16.350129085767499 ], [ -16.303751293704298, 16.349244398410899 ], [ -16.306801488978099, 16.347728347789101 ], [ -16.3098801183414, 16.346487988667299 ], [ -16.312094964567201, 16.345961029924499 ], [ -16.3138463346768, 16.345898564475199 ], [ -16.315564950794801, 16.3461766845999 ], [ -16.316798174790101, 16.346639969006699 ], [ -16.318047450986299, 16.347315845056201 ], [ -16.318048767566999, 16.347316496029698 ], [ -16.319298038165499, 16.347878084172201 ], [ -16.319300230937799, 16.347878918999001 ], [ -16.3209709715711, 16.348405058112998 ], [ -16.3209737323063, 16.348405716382601 ], [ -16.322775103555401, 16.348702072811498 ], [ -16.322778130902101, 16.348702336894299 ], [ -16.3245098200664, 16.3487213304976 ], [ -16.3245120543029, 16.348721229947699 ], [ -16.326226029884001, 16.3485476737984 ], [ -16.3262278367677, 16.3485474070078 ], [ -16.3276591824924, 16.348268758717399 ], [ -16.327661100820901, 16.348268285843499 ], [ -16.329006025914801, 16.347865333268199 ], [ -16.329008177581599, 16.347864551847199 ], [ -16.3303727305235, 16.347278567493301 ], [ -16.333727964023801, 16.345875032499102 ], [ -16.3336478, 16.3459799 ], [ -16.3331214, 16.3467614 ], [ -16.3326504, 16.347617 ], [ -16.3320203, 16.3489881 ], [ -16.3312585, 16.3512708 ], [ -16.330775, 16.3532746 ], [ -16.3305256, 16.354373 ], [ -16.3303571, 16.3553721 ], [ -16.3302821, 16.3561098 ], [ -16.3302505, 16.3569674 ], [ -16.3302612, 16.3576926 ], [ -16.3304195, 16.3585738 ], [ -16.3311146, 16.3619225 ], [ -16.3313254, 16.3628639 ], [ -16.3315743, 16.3638851 ], [ -16.3326949, 16.3681021 ], [ -16.3330501, 16.3695762 ], [ -16.3333258, 16.3709967 ], [ -16.3335645, 16.3730725 ], [ -16.3336316, 16.3753283 ], [ -16.3333941, 16.3802885 ], [ -16.333388, 16.3813197 ], [ -16.3337188, 16.3874355 ], [ -16.333652, 16.3894322 ], [ -16.3333939, 16.3919837 ], [ -16.3330882, 16.3936959 ], [ -16.3328671, 16.3946326 ], [ -16.3320417, 16.3975084 ], [ -16.3315986, 16.3985881 ], [ -16.3312606, 16.399324 ], [ -16.3307322, 16.4002483 ], [ -16.3303008, 16.4009423 ], [ -16.3298229, 16.4015873 ], [ -16.3286374, 16.4028928 ], [ -16.327918, 16.40341 ], [ -16.3273134, 16.403801 ], [ -16.3263661, 16.4042756 ], [ -16.3254767, 16.4046456 ], [ -16.3246511, 16.4048288 ], [ -16.3237976, 16.4049024 ], [ -16.3228975, 16.4048185 ], [ -16.3204947, 16.4043595 ], [ -16.3195249, 16.4041593 ], [ -16.3188692, 16.4040645 ], [ -16.3182137, 16.4040254 ], [ -16.3173232, 16.4040732 ], [ -16.3164349, 16.40419 ], [ -16.3156168, 16.4044273 ], [ -16.3148894, 16.4047155 ], [ -16.3142022, 16.4050947 ], [ -16.313278, 16.4056969 ], [ -16.3124551, 16.4063319 ], [ -16.3117427, 16.4070683 ], [ -16.3109713, 16.4081042 ], [ -16.3103061, 16.4093186 ], [ -16.3098831, 16.4103932 ], [ -16.3091119, 16.4124539 ], [ -16.3088855, 16.4133771 ], [ -16.3087079, 16.4144109 ], [ -16.3086044, 16.4153376 ], [ -16.3085715, 16.4178343 ], [ -16.3092164, 16.4264191 ], [ -16.3092048, 16.4348304 ], [ -16.3089357, 16.440411 ], [ -16.3085206, 16.4451948 ], [ -16.3072205, 16.4525879 ], [ -16.3068402, 16.4541853 ], [ -16.3051654, 16.4603604 ], [ -16.3045093, 16.4621615 ], [ -16.3037583, 16.4636699 ], [ -16.3028555, 16.4652112 ], [ -16.3015889, 16.4670344 ], [ -16.3004227, 16.4683611 ], [ -16.2992779, 16.4694733 ], [ -16.2978328, 16.4705212 ], [ -16.2967958, 16.4711015 ], [ -16.2961092, 16.4714312 ], [ -16.2954483, 16.4716246 ], [ -16.2947911, 16.471728 ], [ -16.294046, 16.4717785 ], [ -16.2911219, 16.4717707 ], [ -16.2900796, 16.4717908 ], [ -16.2895157, 16.4718837 ], [ -16.2890743, 16.4719565 ], [ -16.2882546, 16.4722095 ], [ -16.2876663, 16.4725605 ], [ -16.2866362, 16.4733958 ], [ -16.2859506, 16.4742281 ], [ -16.2854174, 16.47506 ], [ -16.2851013, 16.4758001 ], [ -16.2848026, 16.4767189 ], [ -16.2843551, 16.4793583 ], [ -16.2841587, 16.4805166 ], [ -16.2841394, 16.4839342 ], [ -16.2843239, 16.4879794 ], [ -16.2851865, 16.4956271 ], [ -16.2855255, 16.498812 ], [ -16.2856156, 16.5009147 ], [ -16.2854182, 16.5028692 ], [ -16.284959, 16.5046797 ], [ -16.2837004, 16.5076465 ], [ -16.2824142, 16.5096851 ], [ -16.280322, 16.5121827 ], [ -16.2786848, 16.513882 ], [ -16.2767048, 16.5156559 ], [ -16.2728961, 16.5185179 ], [ -16.2714001, 16.5194564 ], [ -16.271157, 16.5196121 ], [ -16.2705137, 16.5199611 ], [ -16.2642738, 16.5230222 ], [ -16.2617633, 16.524024 ], [ -16.2605568, 16.524474 ], [ -16.2590747, 16.5248654 ], [ -16.2564847, 16.525355 ], [ -16.2530515, 16.5255998 ], [ -16.2500817, 16.5257273 ], [ -16.2465562, 16.5256121 ], [ -16.2441015, 16.5252418 ], [ -16.239295, 16.5240487 ], [ -16.2365441, 16.5229728 ], [ -16.2305756, 16.5194892 ], [ -16.2266049, 16.5168883 ], [ -16.2214668, 16.5148793 ], [ -16.219202, 16.514297 ], [ -16.2174291, 16.5139905 ], [ -16.2160091, 16.5138388 ], [ -16.2140645, 16.5138773 ], [ -16.2121591, 16.513992 ], [ -16.2104591, 16.5142189 ], [ -16.2028527, 16.5157719 ], [ -16.201478, 16.5158446 ], [ -16.2007908, 16.515823 ], [ -16.2000028, 16.5156384 ], [ -16.1989358, 16.5152346 ], [ -16.1962831, 16.5137025 ], [ -16.1948551, 16.513201 ], [ -16.1929915, 16.5129387 ], [ -16.1912051, 16.5128611 ], [ -16.1897621, 16.513093 ], [ -16.1887446, 16.5133354 ], [ -16.18851, 16.5133913 ], [ -16.1871539, 16.5138563 ], [ -16.1858997, 16.5144498 ], [ -16.1837453, 16.5156939 ], [ -16.1826151, 16.5164489 ], [ -16.1811785, 16.5176205 ], [ -16.1799312, 16.5188476 ], [ -16.1785392, 16.5204296 ], [ -16.1765715, 16.5228077 ], [ -16.1737901, 16.52588 ], [ -16.1652832, 16.5359052 ], [ -16.1635022, 16.5378558 ], [ -16.1574763, 16.5436641 ], [ -16.1553333, 16.5451796 ], [ -16.1543765, 16.5458563 ], [ -16.1519284, 16.5472338 ], [ -16.1509138, 16.5477907 ], [ -16.149775, 16.5484157 ], [ -16.1486806, 16.5488754 ], [ -16.1474315, 16.549245 ], [ -16.143489, 16.5501656 ], [ -16.1411479, 16.5506001 ], [ -16.1385929, 16.5510269 ], [ -16.1339972, 16.5516979 ], [ -16.1324855, 16.5519288 ], [ -16.1310151, 16.5522096 ], [ -16.1287738, 16.5527917 ], [ -16.1241213, 16.554306 ], [ -16.1225135, 16.5547549 ], [ -16.1201595, 16.5551059 ], [ -16.1178878, 16.5553396 ], [ -16.1162822, 16.5553385 ], [ -16.1151289, 16.5552583 ], [ -16.1143891, 16.5551251 ], [ -16.1135711, 16.5548166 ], [ -16.1122745, 16.5542505 ], [ -16.1106239, 16.5533074 ], [ -16.1094651, 16.5525536 ], [ -16.1082785, 16.5516126 ], [ -16.107123, 16.550488 ], [ -16.1056859, 16.5488728 ], [ -16.1049724, 16.5479488 ], [ -16.1045229, 16.5472129 ], [ -16.103301, 16.5448224 ], [ -16.1027167, 16.5434817 ], [ -16.1023208, 16.5423565 ], [ -16.102095, 16.5415265 ], [ -16.1019131, 16.5404872 ], [ -16.1017978, 16.5394336 ], [ -16.1017833, 16.5382636 ], [ -16.101892, 16.5372996 ], [ -16.101969, 16.5369749 ], [ -16.1035411, 16.5303428 ], [ -16.1036742, 16.5291823 ], [ -16.1037612, 16.5282885 ], [ -16.1037815, 16.5276292 ], [ -16.1037343, 16.5268521 ], [ -16.1036104, 16.5261296 ], [ -16.1034446, 16.5253422 ], [ -16.1031829, 16.5246294 ], [ -16.1024302, 16.5231328 ], [ -16.101948, 16.5225152 ], [ -16.1012533, 16.5218543 ], [ -16.100402, 16.5211072 ], [ -16.0989648, 16.5199257 ], [ -16.0935205, 16.5164665 ], [ -16.0913293, 16.5151228 ], [ -16.086473, 16.5124689 ], [ -16.0855917, 16.5119254 ], [ -16.0831984, 16.5102483 ], [ -16.0814574, 16.5089696 ], [ -16.0800626, 16.5077984 ], [ -16.07881, 16.506693 ], [ -16.0776437, 16.5055087 ], [ -16.0768605, 16.5046615 ], [ -16.0760082, 16.5036534 ], [ -16.0721023, 16.4985249 ], [ -16.069722, 16.495833 ], [ -16.0690846, 16.4951839 ], [ -16.066693, 16.4927483 ], [ -16.063668, 16.4895111 ], [ -16.0627536, 16.488183 ], [ -16.0624451, 16.4877349 ], [ -16.062173, 16.4871962 ], [ -16.0617821, 16.4860168 ], [ -16.0612274, 16.4839538 ], [ -16.0607843, 16.4823821 ], [ -16.0605763, 16.4818729 ], [ -16.0603777, 16.4814552 ], [ -16.0600914, 16.4810206 ], [ -16.0597511, 16.4806609 ], [ -16.0590409, 16.4801014 ], [ -16.0582144, 16.4795376 ], [ -16.0571912, 16.4789572 ], [ -16.0554349, 16.4781573 ], [ -16.0540788, 16.4775992 ], [ -16.0534829, 16.4773997 ], [ -16.0527956, 16.4772381 ], [ -16.0517667, 16.4770632 ], [ -16.0498669, 16.4768654 ], [ -16.0469705, 16.4765638 ], [ -16.04576, 16.4764921 ], [ -16.0450522, 16.4764979 ], [ -16.0443465, 16.4765322 ], [ -16.0436993, 16.4765977 ], [ -16.0431062, 16.4767148 ], [ -16.0419046, 16.4769829 ], [ -16.0403494, 16.47747 ], [ -16.0400021, 16.4776023 ], [ -16.0379719, 16.4783759 ], [ -16.0368473, 16.4788585 ], [ -16.035543, 16.4793942 ], [ -16.0345938, 16.4798771 ], [ -16.0336797, 16.4803601 ], [ -16.0323452, 16.481147 ], [ -16.0316622, 16.4815755 ], [ -16.0309046, 16.4821193 ], [ -16.0290053, 16.4835893 ], [ -16.0266337, 16.4857909 ], [ -16.0234708, 16.4887656 ], [ -16.022274, 16.4897892 ], [ -16.0173541, 16.4937526 ], [ -16.0159444, 16.4948148 ], [ -16.0148296, 16.4955874 ], [ -16.013821953585701, 16.496272397980398 ], [ -16.0105707, 16.4984826 ], [ -16.0094849, 16.499087 ], [ -16.0083836, 16.4996132 ], [ -16.0075201, 16.4999296 ], [ -16.0067861, 16.5001188 ], [ -16.0048613, 16.5005189 ], [ -16.0034703, 16.5007221 ], [ -16.0022955, 16.5008111 ], [ -16.0007098, 16.5007766 ], [ -15.9993687, 16.5006532 ], [ -15.9986956, 16.5005374 ], [ -15.9982239, 16.5004562 ], [ -15.9969724, 16.5002078 ], [ -15.9944769, 16.499572 ], [ -15.9935383, 16.4992491 ], [ -15.9926637, 16.4989131 ], [ -15.9895228, 16.4975676 ], [ -15.9799323, 16.4932361 ], [ -15.979052, 16.4928123 ], [ -15.9780784, 16.4921837 ], [ -15.9772882, 16.4914883 ], [ -15.9765812, 16.4906915 ], [ -15.9754429, 16.4892111 ], [ -15.9751282, 16.4885786 ], [ -15.9748753, 16.4879087 ], [ -15.9745878, 16.4868409 ], [ -15.9743131, 16.4860281 ], [ -15.9739226, 16.485398 ], [ -15.9733475, 16.4847849 ], [ -15.9726598, 16.4843075 ], [ -15.9716078, 16.4838044 ], [ -15.9698542, 16.4831357 ], [ -15.9684949, 16.4828276 ], [ -15.9673142, 16.482682 ], [ -15.9662, 16.4826331 ], [ -15.9647392, 16.4827653 ], [ -15.9633976, 16.4830231 ], [ -15.9619851, 16.4834176 ], [ -15.9592033, 16.4842942 ], [ -15.956698, 16.4851282 ], [ -15.9527982, 16.4868497 ], [ -15.9515268, 16.4874742 ], [ -15.9501396, 16.4882694 ], [ -15.9489165, 16.4890194 ], [ -15.9478865, 16.4897169 ], [ -15.947272893349799, 16.490259097664499 ], [ -15.9424309, 16.4945376 ], [ -15.9373658, 16.499496 ], [ -15.9363005, 16.5003508 ], [ -15.935013, 16.501431 ], [ -15.9334067, 16.5024833 ], [ -15.932275, 16.5032528 ], [ -15.9311091, 16.5039553 ], [ -15.9297848, 16.5047135 ], [ -15.9284183, 16.5053342 ], [ -15.9261326, 16.5062734 ], [ -15.9234455, 16.5075248 ], [ -15.917822, 16.51019 ], [ -15.9155008, 16.511124 ], [ -15.9131931, 16.5117813 ], [ -15.9112077, 16.5122334 ], [ -15.9081001, 16.5128095 ], [ -15.9050075, 16.5133135 ], [ -15.9009809, 16.5141104 ], [ -15.8959759, 16.5151246 ], [ -15.8924635, 16.5155224 ], [ -15.8907371, 16.5155976 ], [ -15.8883574, 16.5156279 ], [ -15.8866408, 16.5156073 ], [ -15.8852398, 16.5155225 ], [ -15.8829309, 16.5152345 ], [ -15.8777482, 16.5144674 ], [ -15.8692845, 16.5133767 ], [ -15.8685107, 16.5131746 ], [ -15.8677795, 16.5128902 ], [ -15.867424, 16.5127091 ], [ -15.8670516, 16.5125194 ], [ -15.8661702, 16.5119084 ], [ -15.8653264, 16.5111714 ], [ -15.8645609, 16.5103191 ], [ -15.863864, 16.5093213 ], [ -15.8632906, 16.5083307 ], [ -15.862745, 16.5073175 ], [ -15.8624226, 16.5064555 ], [ -15.862208, 16.5055482 ], [ -15.8620337, 16.504714 ], [ -15.8619655, 16.5038622 ], [ -15.8619747, 16.5029935 ], [ -15.8620396, 16.5019391 ], [ -15.8627341, 16.4976003 ], [ -15.8629116, 16.4959216 ], [ -15.8629011, 16.4952957 ], [ -15.8628249, 16.4947134 ], [ -15.8626677, 16.4941023 ], [ -15.8624258, 16.4935237 ], [ -15.8620423, 16.4928869 ], [ -15.8616861, 16.4923509 ], [ -15.8610182, 16.4916941 ], [ -15.8604168, 16.4911879 ], [ -15.8598316, 16.4909446 ], [ -15.8592844, 16.4907656 ], [ -15.8585329, 16.4906422 ], [ -15.8576391, 16.4906345 ], [ -15.8569292, 16.4906679 ], [ -15.8566027, 16.4906833 ], [ -15.856161, 16.4907469 ], [ -15.8557686, 16.4908001 ], [ -15.8550106, 16.4909724 ], [ -15.854134, 16.4912507 ], [ -15.8531883, 16.4916627 ], [ -15.8502427, 16.4934357 ], [ -15.8437802, 16.4975841 ], [ -15.8388272, 16.5011346 ], [ -15.8375489, 16.5018861 ], [ -15.8363679, 16.5025506 ], [ -15.8350791, 16.5031905 ], [ -15.8337385, 16.5037264 ], [ -15.8323089, 16.5042336 ], [ -15.8310847, 16.504607 ], [ -15.8242626, 16.5062874 ], [ -15.8231859, 16.5065657 ], [ -15.8221683, 16.5068733 ], [ -15.8211024, 16.5071042 ], [ -15.8199306, 16.5072823 ], [ -15.819154, 16.5073891 ], [ -15.8174884, 16.5074508 ], [ -15.8157358, 16.5073763 ], [ -15.8141351, 16.50726 ], [ -15.8126137, 16.5070795 ], [ -15.812205, 16.5069971 ], [ -15.8115316, 16.5068614 ], [ -15.8102516, 16.5064304 ], [ -15.8092013, 16.5060179 ], [ -15.8081955, 16.5056004 ], [ -15.7984165, 16.5004703 ], [ -15.7929557, 16.4977571 ], [ -15.7890086, 16.4958768 ], [ -15.7877629, 16.4954521 ], [ -15.7863442, 16.4950455 ], [ -15.7855362, 16.4947934 ], [ -15.783981, 16.4943298 ], [ -15.7797474, 16.4932681 ], [ -15.778055, 16.492916 ], [ -15.7761061, 16.4926272 ], [ -15.7746059, 16.4924372 ], [ -15.773056, 16.492222 ], [ -15.7692835, 16.4918389 ], [ -15.7673756, 16.4916451 ], [ -15.7584773, 16.4911047 ], [ -15.7554584, 16.4909051 ], [ -15.7534208, 16.4907243 ], [ -15.7458309, 16.4896572 ], [ -15.7385943, 16.4886559 ], [ -15.7372462, 16.4884258 ], [ -15.7359961, 16.4881501 ], [ -15.7343494, 16.4877087 ], [ -15.7329332, 16.4872242 ], [ -15.7314017, 16.486548 ], [ -15.7310879, 16.4864094 ], [ -15.7272316, 16.4843491 ], [ -15.7242579, 16.4827603 ], [ -15.7241141, 16.4826576 ], [ -15.7233202, 16.4820905 ], [ -15.7166967, 16.4774652 ], [ -15.7157862, 16.4768294 ], [ -15.7147586, 16.4762242 ], [ -15.7120793, 16.4747653 ], [ -15.7110035, 16.4741059 ], [ -15.7082975, 16.4722613 ], [ -15.708258, 16.4722344 ], [ -15.7069694, 16.4715369 ], [ -15.7057893, 16.4710204 ], [ -15.7044633, 16.4705585 ], [ -15.7031804, 16.470267 ], [ -15.7018945, 16.4701161 ], [ -15.7009759, 16.4700454 ], [ -15.700078, 16.4700591 ], [ -15.6993587, 16.4701332 ], [ -15.6985889, 16.4703004 ], [ -15.6983035, 16.4704094 ], [ -15.6978979, 16.4705643 ], [ -15.696065, 16.4714171 ], [ -15.6956674, 16.4717389 ], [ -15.695455, 16.4719663 ], [ -15.6952007, 16.4723089 ], [ -15.6949035, 16.4727673 ], [ -15.6947426, 16.4730759 ], [ -15.6941593, 16.4743533 ], [ -15.6936804, 16.4750307 ], [ -15.6930828, 16.4757308 ], [ -15.6924069, 16.4763173 ], [ -15.6915883, 16.4767998 ], [ -15.6906374, 16.4772445 ], [ -15.6904806, 16.4773178 ], [ -15.6894184, 16.477647 ], [ -15.6884694, 16.4779222 ], [ -15.687108, 16.4781892 ], [ -15.6851353, 16.4783956 ], [ -15.6828189, 16.4784866 ], [ -15.6816105, 16.4785089 ], [ -15.6787459, 16.4785617 ], [ -15.673828, 16.4786523 ], [ -15.6727193, 16.4786727 ], [ -15.6708959, 16.4787582 ], [ -15.6689426, 16.47891 ], [ -15.6677652, 16.4790556 ], [ -15.6635435, 16.4797458 ], [ -15.6588301, 16.4804258 ], [ -15.6493481, 16.4826183 ], [ -15.6475961, 16.4831193 ], [ -15.6460296, 16.4836327 ], [ -15.6420889, 16.4850843 ], [ -15.6402575, 16.4858158 ], [ -15.6349575, 16.4881398 ], [ -15.6334125, 16.4888568 ], [ -15.6310515, 16.490072 ], [ -15.6293136, 16.4910804 ], [ -15.6282297, 16.4918111 ], [ -15.6280585, 16.49195 ], [ -15.6276101, 16.4923141 ], [ -15.6269105, 16.4929432 ], [ -15.626218, 16.4937369 ], [ -15.625806, 16.4944925 ], [ -15.6254332, 16.4954194 ], [ -15.6251419, 16.4963895 ], [ -15.62496, 16.4972675 ], [ -15.624864, 16.498505 ], [ -15.6248077, 16.4997163 ], [ -15.6248549, 16.5006509 ], [ -15.6249069, 16.5013525 ], [ -15.6250872, 16.5022649 ], [ -15.6253575, 16.5031928 ], [ -15.6257111, 16.5042086 ], [ -15.6260598, 16.5050074 ], [ -15.6281613, 16.5087363 ], [ -15.6286151, 16.5096243 ], [ -15.629092, 16.5107206 ], [ -15.6294885, 16.5118735 ], [ -15.6297568, 16.5127937 ], [ -15.6300895, 16.5141069 ], [ -15.6302153, 16.5148359 ], [ -15.6302811, 16.515532 ], [ -15.6303049, 16.5160643 ], [ -15.6302875, 16.5165889 ], [ -15.6299032, 16.5188255 ], [ -15.6297092, 16.5193906 ], [ -15.6295059, 16.5199157 ], [ -15.6292787, 16.5203667 ], [ -15.6289383, 16.5208664 ], [ -15.6285596, 16.5213218 ], [ -15.6281911, 16.5217268 ], [ -15.627679, 16.5221992 ], [ -15.6271439, 16.5226376 ], [ -15.6265665, 16.5230364 ], [ -15.625963, 16.5233823 ], [ -15.6250787, 16.5238178 ], [ -15.6240899, 16.5242767 ], [ -15.6230573, 16.5246157 ], [ -15.62206, 16.5248723 ], [ -15.6209346, 16.5250482 ], [ -15.619837, 16.5252014 ], [ -15.6184937, 16.525276 ], [ -15.6171285, 16.5252863 ], [ -15.615826, 16.5252637 ], [ -15.61088, 16.5248743 ], [ -15.6089306, 16.5248311 ], [ -15.6067371, 16.5249453 ], [ -15.6046853, 16.5251376 ], [ -15.6019956, 16.5253525 ], [ -15.6003106, 16.5253921 ], [ -15.5988338, 16.5253376 ], [ -15.5972137, 16.5251556 ], [ -15.5957846, 16.5248846 ], [ -15.5940074, 16.524327 ], [ -15.5921026, 16.5235323 ], [ -15.5893303, 16.5222634 ], [ -15.5881639, 16.52168 ], [ -15.5869907, 16.5209281 ], [ -15.585346, 16.5198491 ], [ -15.5839738, 16.5187891 ], [ -15.5807224, 16.5161461 ], [ -15.5789886, 16.5149781 ], [ -15.5775124, 16.5141295 ], [ -15.5759964, 16.5134228 ], [ -15.5736441, 16.5124945 ], [ -15.5715128, 16.5118583 ], [ -15.5694496, 16.511381 ], [ -15.5637297, 16.5102177 ], [ -15.5621194, 16.5100224 ], [ -15.560082, 16.5098445 ], [ -15.5502139, 16.5114787 ], [ -15.5402254, 16.5132891 ], [ -15.528113, 16.516105 ], [ -15.5247533, 16.5172179 ], [ -15.519729, 16.5187007 ], [ -15.5179321, 16.5193342 ], [ -15.5162798, 16.5200532 ], [ -15.5147481, 16.5207734 ], [ -15.5136569, 16.521478 ], [ -15.5125851, 16.5223224 ], [ -15.5120714, 16.522756 ], [ -15.510802, 16.5238273 ], [ -15.508637, 16.5258576 ], [ -15.50768, 16.5269175 ], [ -15.5072201, 16.5276095 ], [ -15.5070582, 16.5278532 ], [ -15.5067012, 16.5285976 ], [ -15.5063415, 16.5297303 ], [ -15.5062332, 16.5304804 ], [ -15.5062176, 16.5310482 ], [ -15.5062249, 16.5315675 ], [ -15.5062605, 16.5320412 ], [ -15.5063579, 16.5326786 ], [ -15.5066312, 16.5336251 ], [ -15.5069153, 16.5344065 ], [ -15.5072792, 16.5350476 ], [ -15.509109, 16.5375491 ], [ -15.509899, 16.5384069 ], [ -15.5108106, 16.5392145 ], [ -15.5123278, 16.5404858 ], [ -15.5125973, 16.5407115 ], [ -15.5143221, 16.5419823 ], [ -15.5149471, 16.5425361 ], [ -15.5154025, 16.5430509 ], [ -15.5160478, 16.5438387 ], [ -15.516617, 16.5446712 ], [ -15.5170569, 16.5454014 ], [ -15.5175504, 16.5463913 ], [ -15.5178664, 16.5471832 ], [ -15.5180901, 16.5479885 ], [ -15.5182789, 16.5489635 ], [ -15.5183197, 16.5497436 ], [ -15.5182977, 16.5503904 ], [ -15.5182635, 16.5508598 ], [ -15.5181322, 16.5517945 ], [ -15.5179453, 16.5527074 ], [ -15.5176317, 16.5543713 ], [ -15.5173451, 16.5553136 ], [ -15.5171875, 16.5558316 ], [ -15.5167229, 16.557259 ], [ -15.5160738, 16.5585414 ], [ -15.5151018, 16.5602557 ], [ -15.5139721, 16.5618034 ], [ -15.5127493, 16.5632979 ], [ -15.5114328, 16.5645504 ], [ -15.5099448, 16.5658482 ], [ -15.5083773, 16.5670802 ], [ -15.5066671, 16.5682257 ], [ -15.5048217, 16.5693641 ], [ -15.5033991, 16.5701045 ], [ -15.5007491, 16.5712552 ], [ -15.4983962, 16.5721416 ], [ -15.4941809, 16.5737046 ], [ -15.4910126, 16.5747988 ], [ -15.4890214, 16.5755751 ], [ -15.4870537, 16.5764009 ], [ -15.4854894, 16.5770991 ], [ -15.4842438, 16.5777356 ], [ -15.4832401, 16.5783166 ], [ -15.4820605, 16.5791927 ], [ -15.4815627, 16.5796056 ], [ -15.4811229, 16.5799886 ], [ -15.4807278, 16.5803843 ], [ -15.4800885, 16.5810996 ], [ -15.4792946, 16.582025 ], [ -15.4789634, 16.5824462 ], [ -15.4781557, 16.5836862 ], [ -15.4774439, 16.584736 ], [ -15.4768205, 16.586009 ], [ -15.4765684, 16.5863632 ], [ -15.476217, 16.5867899 ], [ -15.475458, 16.5876305 ], [ -15.4748652, 16.5882053 ], [ -15.4742016, 16.5887349 ], [ -15.4734463, 16.5891991 ], [ -15.4725976, 16.5896721 ], [ -15.4714057, 16.590177 ], [ -15.470321, 16.5905523 ], [ -15.4692728, 16.5908247 ], [ -15.4680154, 16.5910479 ], [ -15.4668052, 16.5911784 ], [ -15.4655692, 16.5911939 ], [ -15.4641144, 16.5911784 ], [ -15.462799, 16.5911291 ], [ -15.4615909, 16.5910335 ], [ -15.4601608, 16.5907641 ], [ -15.4584646, 16.590361 ], [ -15.4570516, 16.5899394 ], [ -15.4558298, 16.5894607 ], [ -15.4552991, 16.5891982 ], [ -15.4536002, 16.588358 ], [ -15.4514737, 16.5871825 ], [ -15.449943, 16.5863364 ], [ -15.4492346, 16.5858414 ], [ -15.4477478, 16.5848025 ], [ -15.4464689, 16.5837281 ], [ -15.4451817, 16.5825722 ], [ -15.4437269, 16.5811018 ], [ -15.4427237, 16.5800643 ], [ -15.440266, 16.5767734 ], [ -15.4386641, 16.5745485 ], [ -15.4369189, 16.5713818 ], [ -15.4368799, 16.571311 ], [ -15.4362423, 16.5699998 ], [ -15.4360248, 16.5694798 ], [ -15.4356243, 16.5685221 ], [ -15.4351487, 16.5672953 ], [ -15.4348882, 16.5664312 ], [ -15.4341975, 16.5641398 ], [ -15.4339862, 16.563439 ], [ -15.4338186, 16.5624815 ], [ -15.4335665, 16.5605488 ], [ -15.4333222, 16.5577821 ], [ -15.4330429, 16.5559441 ], [ -15.431695, 16.5508682 ], [ -15.4312423, 16.5493152 ], [ -15.4306243, 16.5476985 ], [ -15.4298389, 16.5462998 ], [ -15.4290965, 16.545185 ], [ -15.4280451, 16.5439714 ], [ -15.4263637, 16.5426318 ], [ -15.4230412, 16.5404458 ], [ -15.4209919, 16.5394049 ], [ -15.4187046, 16.5384073 ], [ -15.4134603, 16.5365087 ], [ -15.4107395, 16.5357085 ], [ -15.4085744, 16.535184 ], [ -15.4064866, 16.5347643 ], [ -15.4043172, 16.5345915 ], [ -15.4023045, 16.5346286 ], [ -15.4002059, 16.5347232 ], [ -15.3983799, 16.5349371 ], [ -15.3973567, 16.5351507 ], [ -15.3962027, 16.535446 ], [ -15.3942082, 16.5359813 ], [ -15.3916108, 16.5368448 ], [ -15.3898577, 16.5374999 ], [ -15.3883959, 16.5381623 ], [ -15.3867656, 16.5389558 ], [ -15.384548, 16.5401308 ], [ -15.3754685, 16.5458433 ], [ -15.3747997, 16.5462546 ], [ -15.3720135, 16.5481909 ], [ -15.3710055, 16.5489658 ], [ -15.3700079, 16.549859 ], [ -15.3664516, 16.5538231 ], [ -15.3644362, 16.5560033 ], [ -15.3632501, 16.5571536 ], [ -15.362652, 16.5576801 ], [ -15.3619981, 16.5581002 ], [ -15.3609901, 16.5585023 ], [ -15.3600509, 16.5587699 ], [ -15.3590718, 16.559033 ], [ -15.3581497, 16.5592001 ], [ -15.3574131, 16.5592819 ], [ -15.3567528, 16.5593055 ], [ -15.3559342, 16.5592798 ], [ -15.3551386, 16.559197 ], [ -15.3542352, 16.5590767 ], [ -15.3515191, 16.5585098 ], [ -15.3468104, 16.557783 ], [ -15.3446458, 16.5576688 ], [ -15.343434, 16.5576683 ], [ -15.34167, 16.5577656 ], [ -15.3404589, 16.5579146 ], [ -15.3393149, 16.5581247 ], [ -15.337627, 16.5585748 ], [ -15.3362864, 16.559068 ], [ -15.3347554, 16.5597338 ], [ -15.334097009078601, 16.5601188166297 ], [ -15.336510658264199, 16.550676345825298 ], [ -15.338038444519, 16.5381183624268 ], [ -15.3410643827177, 16.523194430581299 ], [ -15.3415402526027, 16.523338848508601 ], [ -15.3415421985974, 16.523339368417499 ], [ -15.3420089029661, 16.523447411149402 ], [ -15.3420092692264, 16.523447493528199 ], [ -15.342221163738699, 16.523493761633699 ], [ -15.342223486902499, 16.523494173935902 ], [ -15.3425052026682, 16.523532814509601 ], [ -15.3425066825518, 16.5235329801883 ], [ -15.342713128827, 16.523550917461101 ], [ -15.3427154350096, 16.523551028653799 ], [ -15.3429836559111, 16.5235536270437 ], [ -15.3429845144626, 16.5235536230749 ], [ -15.3435290028927, 16.523543313333999 ], [ -15.343530081799299, 16.523543273474601 ], [ -15.3468505201343, 16.523360723123901 ], [ -15.3477460083379, 16.523319668743301 ], [ -15.3484267481423, 16.523299065643901 ], [ -15.349219946328599, 16.523291361438599 ], [ -15.350039914207001, 16.5233067693317 ], [ -15.3550794246047, 16.523522755532699 ], [ -15.355079872129901, 16.523522771367801 ], [ -15.357290004532899, 16.523584461956698 ], [ -15.359642294012399, 16.523651349321501 ], [ -15.359642691491, 16.5236513579883 ], [ -15.360161865915099, 16.523659236967301 ], [ -15.3608281402248, 16.523669377746099 ], [ -15.3618069763781, 16.523689911598101 ], [ -15.3618078316947, 16.5236899173448 ], [ -15.363420260385199, 16.523677763570198 ], [ -15.3689211357999, 16.523635937873401 ], [ -15.368921482194001, 16.523635933239301 ], [ -15.370666966001201, 16.5236025015938 ], [ -15.3713318823464, 16.523617886982102 ], [ -15.371808564266299, 16.523660114057002 ], [ -15.3723149908047, 16.523743460640901 ], [ -15.372752405982901, 16.523838267371101 ], [ -15.374170746200299, 16.524185227841301 ], [ -15.3755143707361, 16.5245298501025 ], [ -15.3755144704937, 16.524529875506701 ], [ -15.3764907945754, 16.524776722555199 ], [ -15.3764917244514, 16.524776941966401 ], [ -15.3774063577257, 16.5249774370903 ], [ -15.377406929237599, 16.5249775565539 ], [ -15.378635178159101, 16.525221848693999 ], [ -15.3820735697958, 16.525955138680999 ], [ -15.382722664377599, 16.5260935239024 ], [ -15.382722875588, 16.5260935681384 ], [ -15.3855607365455, 16.526677283875401 ], [ -15.3855620446927, 16.526677522856701 ], [ -15.386028665242399, 16.5267521217949 ], [ -15.386031689926901, 16.526752449129901 ], [ -15.3863911059349, 16.5267729847927 ], [ -15.386394135855401, 16.526773004647701 ], [ -15.3868018316258, 16.5267550673749 ], [ -15.386804087611599, 16.526754882643001 ], [ -15.387190325709801, 16.526708530718501 ], [ -15.3871924023888, 16.526708207351401 ], [ -15.387581322696001, 16.5266336084131 ], [ -15.387583284413701, 16.526633163467501 ], [ -15.3934515611839, 16.5250935915696 ], [ -15.3950086059893, 16.524692114225701 ], [ -15.3950088801202, 16.524692042159401 ], [ -15.396640487120701, 16.5242548579482 ], [ -15.397052268104, 16.524165133303001 ], [ -15.3974583890906, 16.524095915725301 ], [ -15.397741759724401, 16.524065172684899 ], [ -15.3979836824708, 16.5240395395961 ], [ -15.3988484984481, 16.523954306739299 ], [ -15.3997034550599, 16.523870236005301 ], [ -15.399891458727399, 16.5238517122378 ], [ -15.400537364135801, 16.523788177810101 ], [ -15.4012769096089, 16.523715513947302 ], [ -15.4013845444748, 16.523705462442301 ], [ -15.4017084568983, 16.523675223915099 ], [ -15.402273935902601, 16.523630649188402 ], [ -15.4022743430834, 16.523630614299599 ], [ -15.4033847086382, 16.523527850789399 ], [ -15.404462428280301, 16.523427568574601 ], [ -15.405311899387, 16.523378747433501 ], [ -15.4062098233588, 16.523342729960699 ], [ -15.4084142424613, 16.523306777413801 ], [ -15.408414431558899, 16.523306773733498 ], [ -15.4098375959046, 16.523274587202501 ], [ -15.4133014173911, 16.523196132588801 ], [ -15.4133020592637, 16.523196111174499 ], [ -15.416173195887801, 16.5230695444581 ], [ -15.4165096228173, 16.523054724257399 ], [ -15.4197048735367, 16.522990276169399 ], [ -15.4225843166468, 16.522946775238701 ], [ -15.4225852796911, 16.522946745215201 ], [ -15.423129768121299, 16.5229210127724 ], [ -15.423130531256501, 16.5229209669547 ], [ -15.4238359522276, 16.522869585888198 ], [ -15.4238365822182, 16.522869533322801 ], [ -15.424134226488301, 16.522841537494401 ], [ -15.425147903845099, 16.522746094119199 ], [ -15.425729661281601, 16.522702361777402 ], [ -15.425730274330601, 16.5227023093654 ], [ -15.425890626119401, 16.522686942318899 ], [ -15.4262518137794, 16.522666458296499 ], [ -15.426991672997501, 16.5226407408169 ], [ -15.429496083204601, 16.522570754788699 ], [ -15.434080640965201, 16.5224427633506 ], [ -15.4350192391872, 16.522417033405599 ], [ -15.4359629048681, 16.5223964260591 ], [ -15.4367616047862, 16.522404131637199 ], [ -15.441463391075001, 16.522489038038898 ], [ -15.441464709503, 16.522489032871501 ], [ -15.4420601599045, 16.522473610169701 ], [ -15.442062286117199, 16.522473479442301 ], [ -15.442617503383399, 16.522419499985801 ], [ -15.4426201910165, 16.522419115252401 ], [ -15.442824790192599, 16.522380307624999 ], [ -15.4430681137428, 16.522334207744699 ], [ -15.443069311246401, 16.522333955461601 ], [ -15.443578930959299, 16.522215686807801 ], [ -15.4435798924558, 16.5222154468686 ], [ -15.447104965473001, 16.521273661619801 ], [ -15.4505403533032, 16.520360961232299 ], [ -15.453467606064899, 16.519583132070998 ], [ -15.4589221702371, 16.518151095238998 ], [ -15.458922672660201, 16.518150958662101 ], [ -15.459429442526099, 16.5180084663081 ], [ -15.4594313978426, 16.518007843611699 ], [ -15.459849822449, 16.517858645735199 ], [ -15.459852396441001, 16.517857591007601 ], [ -15.460211812449099, 16.5176904558583 ], [ -15.460214787076699, 16.517688863347399 ], [ -15.4605688386668, 16.517472861702601 ], [ -15.4605699394006, 16.517472156805301 ], [ -15.4614911943784, 16.516853488532099 ], [ -15.461491751726401, 16.5168531050568 ], [ -15.462685921303301, 16.516011478277701 ], [ -15.465336621249101, 16.514143373917399 ], [ -15.467029520689699, 16.512966080069098 ], [ -15.4682707960641, 16.512115374798999 ], [ -15.4682708764091, 16.512115319542598 ], [ -15.469161369802199, 16.511500758401901 ], [ -15.469161999490399, 16.5115003117626 ], [ -15.4693234206855, 16.5113826643937 ], [ -15.4695190856284, 16.5112601242318 ], [ -15.4697226977377, 16.511145259720699 ], [ -15.469917639755399, 16.511053756324699 ], [ -15.470440968836501, 16.510861732689602 ], [ -15.4710669274703, 16.510684702326898 ], [ -15.473972428815101, 16.5100055061917 ], [ -15.474971356607, 16.509772031961099 ], [ -15.475485430487799, 16.509659076274399 ], [ -15.475756818278599, 16.509613193866901 ], [ -15.4760434596274, 16.509595356561601 ], [ -15.4765613831552, 16.5096107073878 ], [ -15.476803011862501, 16.509634828522199 ], [ -15.4770506393329, 16.509659415646901 ], [ -15.478715546006301, 16.5098881392388 ], [ -15.4807695518987, 16.510196688449199 ], [ -15.4813259738205, 16.510291654690601 ], [ -15.4818504251764, 16.510425003951401 ], [ -15.4828290032357, 16.5106869524882 ], [ -15.4858016509602, 16.511499975747899 ], [ -15.4877073604658, 16.512021162487301 ], [ -15.487708455823499, 16.512021439991599 ], [ -15.487976006172801, 16.512083885170199 ], [ -15.4879786885445, 16.512084383827801 ], [ -15.488273731536299, 16.512125455153299 ], [ -15.488275592614199, 16.512125655266502 ], [ -15.488529061366201, 16.5121449336438 ], [ -15.488529783747101, 16.5121449798288 ], [ -15.4888047101712, 16.512159229064199 ], [ -15.488807885586301, 16.512159225363501 ], [ -15.4889282272835, 16.512152706854899 ], [ -15.4890110176937, 16.512150203112601 ], [ -15.489012521256299, 16.5121501198308 ], [ -15.4891560194386, 16.512138552804402 ], [ -15.4891565120117, 16.512138509010299 ], [ -15.489289281357999, 16.512125600879401 ], [ -15.489289609473801, 16.512125567157401 ], [ -15.489410308879499, 16.5121124913885 ], [ -15.489411250922499, 16.512112374226401 ], [ -15.489546702477799, 16.512093347306202 ], [ -15.4895488919074, 16.512092956508301 ], [ -15.4898157717044, 16.5120350375574 ], [ -15.489816648131301, 16.512034833543002 ], [ -15.490126443272599, 16.511957803852798 ], [ -15.490127969423501, 16.511957381312499 ], [ -15.490431142861301, 16.5118647612824 ], [ -15.490431307698101, 16.511864710405799 ], [ -15.490753088960901, 16.5117643790249 ], [ -15.4907540983603, 16.511764044553399 ], [ -15.491105317464299, 16.511640715707699 ], [ -15.4914772742847, 16.5115145250439 ], [ -15.492856215048601, 16.511070019038598 ], [ -15.492856561159, 16.511069905143898 ], [ -15.494387906277099, 16.510555657462 ], [ -15.495358668820201, 16.510244500579802 ], [ -15.4953594104619, 16.510244252155999 ], [ -15.4963890674296, 16.509884358220699 ], [ -15.497163912224099, 16.509632500148399 ], [ -15.4971643866785, 16.5096323415444 ], [ -15.498418013077901, 16.509201616965999 ], [ -15.4993872393019, 16.508891836612399 ], [ -15.4993873296599, 16.508891807574901 ], [ -15.501305192925001, 16.508272133473302 ], [ -15.501305774447401, 16.508271938994199 ], [ -15.5015066494217, 16.508202469732201 ], [ -15.501983732640999, 16.508048355770899 ], [ -15.5028071134525, 16.507786020475699 ], [ -15.5028076465924, 16.507785845103399 ], [ -15.503891055245001, 16.5074182001654 ], [ -15.5041134738322, 16.507346265840699 ], [ -15.5041139840889, 16.507346095746701 ], [ -15.504728004178199, 16.5071352777139 ], [ -15.504955785166199, 16.5070607464347 ], [ -15.504955926552199, 16.507060699783601 ], [ -15.5058061695111, 16.5067778163071 ], [ -15.5073349913641, 16.506271226434301 ], [ -15.5089335069945, 16.505744031419901 ], [ -15.5096993805151, 16.505495072315401 ], [ -15.5102212065256, 16.505371891271601 ], [ -15.510221351471801, 16.505371856675701 ], [ -15.510625776249301, 16.5052742657629 ], [ -15.511343427493699, 16.505131472511401 ], [ -15.5113438643828, 16.505131382200101 ], [ -15.511775695414499, 16.505038763160901 ], [ -15.5119960529665, 16.504991573620401 ], [ -15.512718633697499, 16.504836782781801 ], [ -15.513647576631501, 16.504644859350002 ], [ -15.5140386762336, 16.5045640578033 ], [ -15.514039141883501, 16.504563957739101 ], [ -15.516300450169901, 16.5040592096572 ], [ -15.5163414014203, 16.504050202050198 ], [ -15.518141004811399, 16.5036747259328 ], [ -15.5181414332221, 16.503674633276599 ], [ -15.518271572002099, 16.503645490229399 ], [ -15.518360105059299, 16.503626399767899 ], [ -15.5185065037656, 16.503598641703601 ], [ -15.5185066987009, 16.503598604074099 ], [ -15.518972145242101, 16.503507157617001 ], [ -15.5199778892875, 16.5033095962606 ], [ -15.519978193557399, 16.5033095348555 ], [ -15.522708766154199, 16.502743756391201 ], [ -15.5227088085782, 16.502743747568999 ], [ -15.530114328161901, 16.501198154537299 ], [ -15.530631767070799, 16.501095420917501 ], [ -15.5306341768156, 16.501094838037499 ], [ -15.531066012467001, 16.500971288784701 ], [ -15.531066449466501, 16.500971160160798 ], [ -15.5316074174973, 16.500807461591801 ], [ -15.5316096997615, 16.500806669342602 ], [ -15.532214034980299, 16.500569210025599 ], [ -15.532215468003001, 16.500568603594299 ], [ -15.532725087716001, 16.500337179247701 ], [ -15.5327267161206, 16.500336379524501 ], [ -15.533139776309, 16.500117779489798 ], [ -15.533140657107801, 16.500117294284198 ], [ -15.536859564443899, 16.497986648462099 ], [ -15.5412216154253, 16.4955138528729 ], [ -15.5422325430591, 16.494940750969601 ], [ -15.542427640670001, 16.494843285681998 ], [ -15.5424307863204, 16.494841468316501 ], [ -15.5426561756968, 16.494692354259001 ], [ -15.542657377522399, 16.494691516251699 ], [ -15.5430462140106, 16.494406028629601 ], [ -15.5430467799812, 16.494405602714401 ], [ -15.543430335870401, 16.4941098053514 ], [ -15.543431064759201, 16.4941092249625 ], [ -15.543616559068999, 16.493956755848 ], [ -15.543962982609701, 16.493671939203601 ], [ -15.5482829785149, 16.490120527413399 ], [ -15.5507478054042, 16.4881659479348 ], [ -15.5507483834041, 16.488165477779301 ], [ -15.552234243379701, 16.486925878118999 ], [ -15.5522344198629, 16.4869257297315 ], [ -15.5525784928807, 16.4866341678574 ], [ -15.5527920774335, 16.486507715250699 ], [ -15.5530291003125, 16.486400355870799 ], [ -15.553294237321699, 16.486284897028 ], [ -15.553537787286301, 16.486184783941599 ], [ -15.553812002565399, 16.486077659501401 ], [ -15.5540857108221, 16.4860114544996 ], [ -15.5546105998963, 16.485903497403701 ], [ -15.554947826240401, 16.485841696300099 ], [ -15.556026455073701, 16.4856438065903 ], [ -15.5583597308199, 16.485221989893802 ], [ -15.5585047190495, 16.4851978809881 ], [ -15.5590215974493, 16.485111539181599 ], [ -15.559323528964899, 16.485070552625299 ], [ -15.559697806438599, 16.485039801540101 ], [ -15.563275425477199, 16.484831537313401 ], [ -15.5674242917902, 16.4846152890036 ], [ -15.5683098389382, 16.4845691885841 ], [ -15.568311435882199, 16.484569062623098 ], [ -15.568992716972099, 16.484496978255802 ], [ -15.568995109354701, 16.484496627134501 ], [ -15.569582513129101, 16.4843860698317 ], [ -15.5695850865213, 16.4843854670113 ], [ -15.5701885835498, 16.484215733472102 ], [ -15.5701908790984, 16.4842149869677 ], [ -15.570697900421401, 16.484027232336601 ], [ -15.570700453876, 16.4840261500715 ], [ -15.571209989769899, 16.483781817594 ], [ -15.5712125913797, 16.483780408252599 ], [ -15.571644427031201, 16.483518138502301 ], [ -15.571647566644399, 16.483515945727699 ], [ -15.5720633928608, 16.483184106181 ], [ -15.5720641839986, 16.483183452372501 ], [ -15.5725361689663, 16.4827796122776 ], [ -15.572537130061001, 16.482778753507201 ], [ -15.5729395452324, 16.482403328064098 ], [ -15.572940167868, 16.482402730204601 ], [ -15.573296480886899, 16.482050604177701 ], [ -15.5737051505007, 16.4816714829796 ], [ -15.574155765492399, 16.481346853540298 ], [ -15.5746116088063, 16.481080944940501 ], [ -15.5750909963326, 16.480874125842799 ], [ -15.5758018291605, 16.4806691100307 ], [ -15.5817662410861, 16.4793060649043 ], [ -15.5817664622801, 16.479306013473199 ], [ -15.5823753237266, 16.479162012376701 ], [ -15.5823769139235, 16.479161589916298 ], [ -15.5829080751276, 16.479004764508002 ], [ -15.582908712228599, 16.479004568683798 ], [ -15.5833511928971, 16.478863165977199 ], [ -15.583352792299801, 16.478862604585899 ], [ -15.585192456105, 16.4781578973639 ], [ -15.5859216512236, 16.477898188624401 ], [ -15.5864209774637, 16.477721592548299 ], [ -15.5869066034944, 16.477628458788899 ], [ -15.5874520654287, 16.4775862886226 ], [ -15.5879646760241, 16.477596469070701 ], [ -15.5885075359009, 16.477637494805599 ], [ -15.589077970925301, 16.4777145738339 ], [ -15.589078233374501, 16.477714608118699 ], [ -15.5919937945744, 16.478082406030001 ], [ -15.591993852272999, 16.478082413251901 ], [ -15.597419959104499, 16.478756234198801 ], [ -15.5993859231007, 16.4790006386587 ], [ -15.6002119503373, 16.479108585399899 ], [ -15.600214731195701, 16.4791088179167 ], [ -15.600702977055599, 16.479126839008501 ], [ -15.6007055188687, 16.479126825069699 ], [ -15.601136013415701, 16.4791062055879 ], [ -15.601138867936401, 16.479105931651699 ], [ -15.601530470452699, 16.479049353805301 ], [ -15.6015311204587, 16.479049252606501 ], [ -15.6016852636581, 16.4790235201638 ], [ -15.601688768424101, 16.479022716616701 ], [ -15.6018550653831, 16.4789739339402 ], [ -15.6018557829942, 16.478973713643899 ], [ -15.6022326333609, 16.478852846600201 ], [ -15.6022345169154, 16.4788521724372 ], [ -15.6025496764747, 16.478727365898902 ], [ -15.602551334250199, 16.478726650975499 ], [ -15.602867834914001, 16.4785787103845 ], [ -15.6028699810498, 16.478577599796498 ], [ -15.603197210549601, 16.478391186269899 ], [ -15.603198940984299, 16.478390121297899 ], [ -15.603612001172699, 16.4781162007022 ], [ -15.6036122165265, 16.478116056547499 ], [ -15.605454613507799, 16.476871225434198 ], [ -15.606171737907401, 16.4764030583367 ], [ -15.606172143923599, 16.4764027885433 ], [ -15.608343584910401, 16.474934318782701 ], [ -15.610617833469901, 16.473411923253401 ], [ -15.612283362386799, 16.472336401838302 ], [ -15.612910410784099, 16.4719488953127 ], [ -15.612911074233701, 16.471948473195798 ], [ -15.613747839627599, 16.471400548185301 ], [ -15.6137483148322, 16.471400230505701 ], [ -15.614185251895, 16.471102071421299 ], [ -15.6145006703135, 16.470899535197098 ], [ -15.614831627266399, 16.470710166781899 ], [ -15.6152074468088, 16.4705338347847 ], [ -15.615676988747101, 16.470365009780199 ], [ -15.6158971325653, 16.4703064926358 ], [ -15.6161285706178, 16.470265758208399 ], [ -15.6165981891341, 16.470204220838902 ], [ -15.6171261465705, 16.470199137915401 ], [ -15.617854198960201, 16.4702556824254 ], [ -15.6189774634838, 16.470358391428 ], [ -15.620473760318401, 16.470533361622302 ], [ -15.620473946021701, 16.470533382751501 ], [ -15.624054778876401, 16.470929511495399 ], [ -15.6240550420848, 16.470929539438 ], [ -15.6250151890933, 16.471027188610002 ], [ -15.625017688331299, 16.4710273377754 ], [ -15.6255944470887, 16.471037647516301 ], [ -15.6255955853128, 16.4710376462663 ], [ -15.625850311350201, 16.471032533305401 ], [ -15.6258522453653, 16.471032431961099 ], [ -15.6261259145039, 16.4710092140893 ], [ -15.6261291632613, 16.471008758455799 ], [ -15.626456308942201, 16.470944469258502 ], [ -15.626458505695799, 16.4709439510337 ], [ -15.6267935822331, 16.470851469909402 ], [ -15.629885873925, 16.4700437611403 ], [ -15.631999503529, 16.4694934144703 ], [ -15.6360871369785, 16.468436218753801 ], [ -15.636889088140901, 16.468230534373301 ], [ -15.6368898684815, 16.468230322985399 ], [ -15.6374396375106, 16.468073413757999 ], [ -15.637442484228201, 16.468072444539899 ], [ -15.6379602343873, 16.467866668816999 ], [ -15.637961902308399, 16.467865946668098 ], [ -15.638208665537899, 16.4677501087662 ], [ -15.638211795776201, 16.467748405522599 ], [ -15.6384961099319, 16.4675710444515 ], [ -15.638498047474901, 16.467569727983602 ], [ -15.6389406957815, 16.4672430013979 ], [ -15.6389409922716, 16.4672427797144 ], [ -15.640917529685099, 16.465745834662801 ], [ -15.6432295569136, 16.464019923309198 ], [ -15.645122790565701, 16.462615774318898 ], [ -15.6457411567552, 16.462179413381399 ], [ -15.646154762356099, 16.461936253314398 ], [ -15.6466102574479, 16.461716580151499 ], [ -15.6470686192848, 16.4615759303096 ], [ -15.647987684778901, 16.4613319121007 ], [ -15.6490652965539, 16.4610953468292 ], [ -15.649065680563799, 16.461095259883301 ], [ -15.6510360983618, 16.4606355124942 ], [ -15.651036188258299, 16.4606354913732 ], [ -15.6516916530865, 16.460480426164501 ], [ -15.651691942629901, 16.460480356146601 ], [ -15.6522953552125, 16.460331262954298 ], [ -15.6533520629203, 16.460076660843399 ], [ -15.6539486392097, 16.4599364624823 ], [ -15.6545266058229, 16.459802698747598 ], [ -15.6545270285428, 16.459802597682302 ], [ -15.6551918886588, 16.459638540201901 ], [ -15.6554517303325, 16.4595790210556 ], [ -15.655907473500401, 16.4594775028201 ], [ -15.656128017580601, 16.459431973833802 ], [ -15.6562783794426, 16.459406328782901 ], [ -15.656278998095001, 16.459406216584501 ], [ -15.656465426074799, 16.459370384324998 ], [ -15.6566406799638, 16.459344729287999 ], [ -15.6568115184551, 16.459324875986699 ], [ -15.6569534999932, 16.459312044321901 ], [ -15.6571146377986, 16.459302516464099 ], [ -15.6571149224677, 16.459302498273502 ], [ -15.657283729241, 16.459290905318301 ], [ -15.6573854788669, 16.459289658386599 ], [ -15.6573870706909, 16.459289596580302 ], [ -15.657455579983299, 16.459285112335799 ], [ -15.657711617243599, 16.459279346483601 ], [ -15.6579034340426, 16.459276839074501 ], [ -15.658130273380999, 16.459280017501801 ], [ -15.658335110352001, 16.459283866562501 ], [ -15.658465243796501, 16.459288746566699 ], [ -15.6597709053289, 16.4594399129446 ], [ -15.659888465084199, 16.4594577957116 ], [ -15.6598890991039, 16.4594578852445 ], [ -15.660298678239201, 16.4595112721709 ], [ -15.660606801121, 16.459552371962999 ], [ -15.6608491718625, 16.459590870077999 ], [ -15.660850177658601, 16.459591012424699 ], [ -15.661326095302, 16.4596501669769 ], [ -15.6617603551533, 16.459709319485999 ], [ -15.6617604179211, 16.459709327968501 ], [ -15.6622111966738, 16.459769761490399 ], [ -15.662211402443001, 16.459769788352599 ], [ -15.6630012291791, 16.459870119733601 ], [ -15.6630022140241, 16.459870228344698 ], [ -15.663495105668501, 16.459916361060099 ], [ -15.663957023203199, 16.459976851257199 ], [ -15.664296024868101, 16.460028187230598 ], [ -15.6642967097763, 16.460028282886501 ], [ -15.664468371153299, 16.4600502434728 ], [ -15.664468668422399, 16.460050279995102 ], [ -15.6647010275402, 16.460077650827799 ], [ -15.6649830922421, 16.4601170846285 ], [ -15.6649831341321, 16.460117090454801 ], [ -15.665215145211899, 16.460149193143899 ], [ -15.6652151947665, 16.460149199958501 ], [ -15.6654028655785, 16.460174848582199 ], [ -15.665403265460901, 16.460174900498199 ], [ -15.665570903524401, 16.460195519980001 ], [ -15.6655715808126, 16.4601955954878 ], [ -15.665712396785899, 16.460209677085199 ], [ -15.6657130553721, 16.460209735621401 ], [ -15.665840208843299, 16.460219626267101 ], [ -15.6658405394159, 16.4602195999475 ], [ -15.665840863552001, 16.4602196699961 ], [ -15.6659309690111, 16.460224699137999 ], [ -15.665932844311399, 16.460224745066999 ], [ -15.6660192563115, 16.460224158939099 ], [ -15.6661197499065, 16.4602240751944 ], [ -15.6661205161206, 16.460224064769399 ], [ -15.666219003482899, 16.460221466379402 ], [ -15.666219791335999, 16.460221435228501 ], [ -15.666391277425699, 16.460212396430201 ], [ -15.6665331751999, 16.460207376461799 ], [ -15.666533832896601, 16.4602073459648 ], [ -15.6666901476987, 16.4601983777697 ], [ -15.6670081719155, 16.460180295845301 ], [ -15.667348903170399, 16.460169963140999 ], [ -15.667402853128801, 16.460184277965901 ], [ -15.6674591088233, 16.460201630870301 ], [ -15.667508024419799, 16.460222912331101 ], [ -15.667555278411299, 16.460248516916799 ], [ -15.667564128781301, 16.460251642492 ], [ -15.667573511839301, 16.4602518801758 ], [ -15.6675756613171, 16.460251241473902 ], [ -15.6676987725914, 16.4603748123888 ], [ -15.6788625717163, 16.464176177978501 ], [ -15.687843322753899, 16.472093582153299 ], [ -15.6894276155966, 16.4718454545893 ], [ -15.7023209329609, 16.467904869657499 ], [ -15.7160075973567, 16.474150657683801 ], [ -15.715877532959, 16.474063873291001 ], [ -15.7161228084816, 16.474028533891399 ], [ -15.716344262826899, 16.473793792285399 ], [ -15.716856040904799, 16.473922889458201 ], [ -15.726123809814499, 16.472587585449201 ], [ -15.726526260376, 16.472652435302699 ], [ -15.730860710144, 16.475845336914102 ], [ -15.741192817688001, 16.474988937377901 ], [ -15.7417850494385, 16.475082397460898 ], [ -15.743391036987299, 16.474805831909201 ], [ -15.745641708374, 16.4746189117432 ], [ -15.746657371521, 16.4742431640625 ], [ -15.747982978820801, 16.474014282226602 ], [ -15.749382019043001, 16.4732341766357 ], [ -15.7501440048218, 16.4729518890381 ], [ -15.7554931640625, 16.470970153808601 ], [ -15.7597150802612, 16.467853546142599 ], [ -15.761141777038601, 16.468215942382798 ], [ -15.761628150939901, 16.4664402008057 ], [ -15.7730369567871, 16.461988449096701 ], [ -15.778023719787599, 16.464662551879901 ], [ -15.7881469726562, 16.477079391479499 ], [ -15.7971038818359, 16.480058670043899 ], [ -15.8045091629028, 16.4788703918457 ], [ -15.813203811645501, 16.474042892456101 ], [ -15.818575859069799, 16.4689025878906 ], [ -15.822522163391101, 16.459802627563501 ], [ -15.8261728286743, 16.459846496581999 ], [ -15.8266649246216, 16.4594535827637 ], [ -15.830997467041, 16.466920852661101 ], [ -15.836708068847701, 16.466835021972699 ], [ -15.8430852890015, 16.459653854370099 ], [ -15.8410911560059, 16.453334808349599 ], [ -15.839581489563001, 16.448553085327099 ], [ -15.840295791626, 16.442996978759801 ], [ -15.851806640625, 16.424802780151399 ], [ -15.8563146591187, 16.418920516967798 ], [ -15.8566331863403, 16.415946960449201 ], [ -15.852409362793001, 16.405057907104499 ], [ -15.8480386734009, 16.399673461914102 ], [ -15.8440504074097, 16.3977375030518 ], [ -15.836916923522899, 16.397789001464801 ], [ -15.830834388732899, 16.394193649291999 ], [ -15.8269386291504, 16.388820648193398 ], [ -15.822681427001999, 16.388025283813501 ], [ -15.817598342895501, 16.3913383483887 ], [ -15.8130855560303, 16.399940490722699 ], [ -15.8097276687622, 16.401002883911101 ], [ -15.807656288146999, 16.399175643920898 ], [ -15.806245803833001, 16.397932052612301 ], [ -15.801339149475099, 16.3861083984375 ], [ -15.7973575592041, 16.3839435577393 ], [ -15.7897491455078, 16.383979797363299 ], [ -15.7786655426025, 16.389432907104499 ], [ -15.7665958404541, 16.4047241210938 ], [ -15.7563524246216, 16.414098739623999 ], [ -15.742305755615201, 16.423374176025401 ], [ -15.734016418456999, 16.430730819702099 ], [ -15.711830139160201, 16.441860198974599 ], [ -15.7079067230225, 16.446117401123001 ], [ -15.7051906585693, 16.458206176757798 ], [ -15.7015733718872, 16.456117630004901 ], [ -15.693957328796399, 16.4517211914062 ], [ -15.690849304199199, 16.443840026855501 ], [ -15.6899108886719, 16.434867858886701 ], [ -15.694445610046399, 16.425809860229499 ], [ -15.7129564285278, 16.401512145996101 ], [ -15.736044883728001, 16.374809265136701 ], [ -15.751890182495099, 16.3605346679688 ], [ -15.7721757888794, 16.346330642700199 ], [ -15.7743988037109, 16.3504638671875 ], [ -15.7814273834229, 16.357892990112301 ], [ -15.782071113586399, 16.3629474639893 ], [ -15.7810611724854, 16.367294311523398 ], [ -15.7735643386841, 16.376834869384801 ], [ -15.8012895584106, 16.3829154968262 ], [ -15.808378219604499, 16.368320465087901 ], [ -15.813380241394, 16.367465972900401 ], [ -15.814145088195801, 16.363574981689499 ], [ -15.812379837036101, 16.354619979858398 ], [ -15.8162984848022, 16.352638244628899 ], [ -15.8180599212646, 16.3551349639893 ], [ -15.821618080139199, 16.355638504028299 ], [ -15.8285627365112, 16.3515930175781 ], [ -15.831148147583001, 16.347900390625 ], [ -15.840528488159199, 16.343513488769499 ], [ -15.8545951843262, 16.341800689697301 ], [ -15.863548278808601, 16.335830688476602 ], [ -15.869448661804199, 16.333024978637699 ], [ -15.8777513504028, 16.329074859619102 ], [ -15.885242971996, 16.322665408298299 ], [ -15.885528881410799, 16.325310564448099 ], [ -15.887235402173999, 16.3410634637581 ], [ -15.8872355168458, 16.341063886322502 ], [ -15.887235514314, 16.341064324162499 ], [ -15.887417130712301, 16.342255545417999 ], [ -15.887493276083999, 16.343284461884299 ], [ -15.8874156832668, 16.344353503702798 ], [ -15.8870281012184, 16.345321466980302 ], [ -15.886776243307899, 16.345788986268399 ], [ -15.8843473973338, 16.348847805482102 ], [ -15.8843466419466, 16.348848821212702 ], [ -15.882427647339799, 16.351607396350001 ], [ -15.882427327321301, 16.3516078707144 ], [ -15.8787281702629, 16.357264017091602 ], [ -15.878727976649699, 16.357264319008902 ], [ -15.8767926999852, 16.360342554800699 ], [ -15.8763911982557, 16.360883345342799 ], [ -15.8763904141915, 16.3608844813158 ], [ -15.870237222081901, 16.3704924824318 ], [ -15.870236787140101, 16.370493193806599 ], [ -15.8699680021574, 16.370954131034001 ], [ -15.8699668300452, 16.370956484039802 ], [ -15.869778078120801, 16.3714074604455 ], [ -15.869776782100899, 16.3714120002711 ], [ -15.8697058710072, 16.3718520344393 ], [ -15.869705844186999, 16.3718522055857 ], [ -15.8692642949015, 16.3747518983789 ], [ -15.8692642964516, 16.3747521582087 ], [ -15.8692642240261, 16.374752407745099 ], [ -15.868673861207901, 16.3794355694742 ], [ -15.8684913133901, 16.380508368045799 ], [ -15.8683513822878, 16.381036145297902 ], [ -15.868058818472599, 16.381688430963301 ], [ -15.8660280189399, 16.385494268324202 ], [ -15.8660259730199, 16.3855001817832 ], [ -15.8660258545936, 16.385506438041102 ], [ -15.8660276752536, 16.385512424691601 ], [ -15.8660307503279, 16.385516830156501 ], [ -15.8644833071625, 16.388361973220299 ], [ -15.864483209118401, 16.388362155731102 ], [ -15.8633842609444, 16.390433529160799 ], [ -15.863383618136501, 16.390434856840098 ], [ -15.8627375308997, 16.391905223395899 ], [ -15.8605857422599, 16.3964433083109 ], [ -15.859280978044399, 16.399164944293101 ], [ -15.859280062651299, 16.3991671951946 ], [ -15.859171728035401, 16.399488219318201 ], [ -15.8591707000101, 16.3994936779333 ], [ -15.8591504377123, 16.399925985736399 ], [ -15.8591504277538, 16.399927614058502 ], [ -15.859168714546, 16.4004558568578 ], [ -15.859168863841401, 16.400457699617601 ], [ -15.8592766817638, 16.401301572137399 ], [ -15.8593073335923, 16.402408626388599 ], [ -15.859259624395699, 16.403218918173799 ], [ -15.859171943158801, 16.404451889041798 ], [ -15.859171933710201, 16.404452028825698 ], [ -15.858988987916799, 16.407307139524502 ], [ -15.8589890260199, 16.4073075476539 ], [ -15.858988952450099, 16.407307950901998 ], [ -15.858895390510799, 16.411309235169401 ], [ -15.858895386673, 16.4113099578496 ], [ -15.858904848461901, 16.4120515666696 ], [ -15.8589059074791, 16.412057738093001 ], [ -15.859130707785701, 16.412720233269798 ], [ -15.859132862440999, 16.412724682076199 ], [ -15.859712658098401, 16.413619519557599 ], [ -15.859716874673, 16.413624201885799 ], [ -15.8597223387503, 16.4136273399677 ], [ -15.8597285079699, 16.413628622319798 ], [ -15.859734769979999, 16.413627921656801 ], [ -15.859740503217999, 16.413625307525901 ], [ -15.860410785296899, 16.413180402828701 ], [ -15.861008139595199, 16.4133308425811 ], [ -15.862715765196199, 16.4137784661966 ], [ -15.863931400912699, 16.414125926765799 ], [ -15.863937612295301, 16.414126684071899 ], [ -15.863939688381, 16.4141262786911 ], [ -15.8680380847987, 16.415254465906401 ], [ -15.872437151325, 16.416481121898801 ], [ -15.8728866424771, 16.416619871691601 ], [ -15.873295152447801, 16.416803684399898 ], [ -15.873653574505999, 16.416979380979999 ], [ -15.875199245669, 16.417987866373 ], [ -15.875204956602801, 16.417990423719701 ], [ -15.8752081591922, 16.417990767264399 ], [ -15.8752098252472, 16.417993195422 ], [ -15.875214786603401, 16.4179970085221 ], [ -15.8754506406513, 16.4181253037844 ], [ -15.875780868630599, 16.418356208230399 ], [ -15.8760431589288, 16.418554596788301 ], [ -15.876457675241401, 16.4189256495617 ], [ -15.8764581544115, 16.418926064994501 ], [ -15.876827880015499, 16.419236481135901 ], [ -15.8768293700087, 16.4192376174902 ], [ -15.8771899258131, 16.4194867768671 ], [ -15.877195352285799, 16.4194894197007 ], [ -15.877475533675799, 16.419576624565099 ], [ -15.8779704811352, 16.419731253174199 ], [ -15.8779717978212, 16.419731615676401 ], [ -15.8782528734972, 16.419798766142002 ], [ -15.878254336419699, 16.419799058436698 ], [ -15.8786278837322, 16.419859303154102 ], [ -15.878630557701999, 16.419859551776899 ], [ -15.8789388370949, 16.419867422080699 ], [ -15.878941823522, 16.4198672747393 ], [ -15.879653385896599, 16.419778500467 ], [ -15.8796546429286, 16.419778302846801 ], [ -15.8805013716602, 16.4196174325572 ], [ -15.880852742720799, 16.419588844277101 ], [ -15.881078044895199, 16.4195891140388 ], [ -15.8812076328265, 16.4196367332191 ], [ -15.881297597603901, 16.419785853441802 ], [ -15.8812984444434, 16.419787142044701 ], [ -15.8814545140504, 16.420005772295099 ], [ -15.8814546194783, 16.420005918584799 ], [ -15.881621972602501, 16.420235941142 ], [ -15.8817097620136, 16.4204298053589 ], [ -15.8817844412124, 16.4207356044157 ], [ -15.8818982139264, 16.4213026680581 ], [ -15.8820183147938, 16.422072124162501 ], [ -15.882167509756499, 16.423097088416 ], [ -15.882154967634699, 16.423889369351802 ], [ -15.8820827317224, 16.425022151004299 ], [ -15.882083315295001, 16.425028381111002 ], [ -15.8820843365509, 16.425030746611899 ], [ -15.882080834470999, 16.425515429305101 ], [ -15.881997756847399, 16.4260068922197 ], [ -15.8819974789757, 16.426009950310601 ], [ -15.881991312809101, 16.426457629450901 ], [ -15.881755139665801, 16.427122700944601 ], [ -15.881472825725799, 16.427386235809401 ], [ -15.8814679345982, 16.427393351273501 ], [ -15.8813194490998, 16.427760157695399 ], [ -15.8813183746165, 16.427763747543601 ], [ -15.881180055401099, 16.428456741925402 ], [ -15.881179712667, 16.428461984539101 ], [ -15.881238383750601, 16.4293437006475 ], [ -15.8812384797397, 16.429344736049 ], [ -15.881317759488899, 16.430010958711101 ], [ -15.881318276445301, 16.430013679829202 ], [ -15.881447895373601, 16.430506795695202 ], [ -15.881450697416099, 16.4305129540172 ], [ -15.8820779301988, 16.431435769901 ], [ -15.8820798367713, 16.431438159363299 ], [ -15.883007186433, 16.4324336783875 ], [ -15.8837781638276, 16.433394856060801 ], [ -15.8837788327161, 16.433395647087099 ], [ -15.885546268636, 16.4353792525099 ], [ -15.8855473666589, 16.435380390826001 ], [ -15.8880541557955, 16.437781475263101 ], [ -15.8880565599843, 16.437783443824902 ], [ -15.889200048890601, 16.4385798304322 ], [ -15.889201488303, 16.438580744347501 ], [ -15.8902793530912, 16.439202281542698 ], [ -15.890283585886101, 16.439204108916499 ], [ -15.891014776408801, 16.439423923142702 ], [ -15.891018593286599, 16.439424675499399 ], [ -15.8916704062515, 16.439488236062399 ], [ -15.8916756511004, 16.439488055716001 ], [ -15.892603439781, 16.439332660118598 ], [ -15.8926073028098, 16.439331606698499 ], [ -15.893012692008, 16.439176005926601 ], [ -15.8930144210062, 16.439175246800598 ], [ -15.8936386601855, 16.438865236723501 ], [ -15.8936420511472, 16.438863104880301 ], [ -15.894155110415801, 16.438463643239999 ], [ -15.8947945815131, 16.438128542202598 ], [ -15.895324669703299, 16.437886626322801 ], [ -15.895989309774899, 16.437736243698701 ], [ -15.895991965339901, 16.437735445769199 ], [ -15.896470512895201, 16.437554625441699 ], [ -15.8964736447316, 16.4375531193154 ], [ -15.896875931093399, 16.4373145687297 ], [ -15.8976867074844, 16.437165948894801 ], [ -15.898600599739, 16.4370829185216 ], [ -15.899175940348499, 16.437083576978001 ], [ -15.8997683406541, 16.4373071883637 ], [ -15.900551522491099, 16.437816528864101 ], [ -15.9013305688324, 16.4384184647495 ], [ -15.9021859878498, 16.4391739547379 ], [ -15.902876242086901, 16.439941410646401 ], [ -15.902877165266499, 16.439942370755901 ], [ -15.903429130301401, 16.440479417624701 ], [ -15.9037674530089, 16.441080519325698 ], [ -15.904042004585, 16.442000140067002 ], [ -15.904483771260301, 16.443638893543099 ], [ -15.904483907557101, 16.4436393750855 ], [ -15.9049077657764, 16.445068408068899 ], [ -15.9049091499549, 16.445071859232701 ], [ -15.905716356663399, 16.446643293209899 ], [ -15.9067384143925, 16.4486491738311 ], [ -15.906741352969201, 16.448653455851002 ], [ -15.9075714748462, 16.449577985174901 ], [ -15.9075733222575, 16.4495797927175 ], [ -15.9083716103799, 16.450265709036699 ], [ -15.908375726639299, 16.450268441322699 ], [ -15.9091080858112, 16.450633270018699 ], [ -15.909111563561099, 16.450634614203999 ], [ -15.909761206346101, 16.450818243724498 ], [ -15.909768921301501, 16.4508188680106 ], [ -15.910402793641699, 16.450746298507301 ], [ -15.9104048654251, 16.4507459502573 ], [ -15.9117100671586, 16.450455341714999 ], [ -15.911712496183799, 16.450454637048601 ], [ -15.913216946072399, 16.4499129195558 ], [ -15.913217383300401, 16.449912756332701 ], [ -15.9154300447682, 16.449057194884801 ], [ -15.9170910636016, 16.448529682371198 ], [ -15.9170912936556, 16.448529607775601 ], [ -15.9190883704143, 16.4478686798757 ], [ -15.921001328700401, 16.447353264389399 ], [ -15.922303446349501, 16.447114932825201 ], [ -15.9249901229177, 16.446675189493401 ], [ -15.9249902976433, 16.446675160099801 ], [ -15.9259638965943, 16.446506936397199 ], [ -15.9259663110308, 16.446506362978699 ], [ -15.9267398612505, 16.4462710912434 ], [ -15.926743348153201, 16.446269659437899 ], [ -15.9273167033574, 16.445968238387302 ], [ -15.927319774482999, 16.4459662452565 ], [ -15.9277004166035, 16.445666334765001 ], [ -15.927703859710499, 16.4456628604046 ], [ -15.928036465270701, 16.445232784238399 ], [ -15.928314488688899, 16.444904458234401 ], [ -15.928317368463199, 16.4448999505085 ], [ -15.928468948663101, 16.444573213443999 ], [ -15.9284706771844, 16.444567062570101 ], [ -15.928533246853901, 16.444018348543999 ], [ -15.928882064459099, 16.443032327501101 ], [ -15.9293535588574, 16.442126749352902 ], [ -15.9301590371335, 16.441084745646499 ], [ -15.9311836659099, 16.440033166091698 ], [ -15.9318284358214, 16.439386178003499 ], [ -15.9328881955238, 16.439008761501199 ], [ -15.934174676424, 16.438777866918102 ], [ -15.9349577964741, 16.4387208859225 ], [ -15.9362703869798, 16.438809298124301 ], [ -15.937684067531601, 16.4389328153948 ], [ -15.937685357116999, 16.4389328862095 ], [ -15.9393008153469, 16.438969343379998 ], [ -15.939302198842899, 16.438969326731701 ], [ -15.9429941495839, 16.4387970471393 ], [ -15.9429941838125, 16.4387970455127 ], [ -15.946544424818899, 16.4386252820265 ], [ -15.9465449926372, 16.438625246453402 ], [ -15.948336910279201, 16.438487372845699 ], [ -15.9483376746239, 16.438487299251001 ], [ -15.9504222258238, 16.438246118499801 ], [ -15.952517265174301, 16.438213344836299 ], [ -15.9541877003563, 16.438194668439198 ], [ -15.9541930210892, 16.4381546064504 ], [ -15.9553841078632, 16.438141289435801 ], [ -15.952516773362101, 16.4381733478351 ], [ -15.9525166841283, 16.438173349031899 ], [ -15.9504206040131, 16.438206138976501 ], [ -15.9504186181956, 16.4382062690635 ], [ -15.9483334587927, 16.4384475201832 ], [ -15.9465422076858, 16.438585342506499 ], [ -15.942992267954899, 16.438757091416701 ], [ -15.9393010257889, 16.438929337944501 ], [ -15.937686905531701, 16.438892910968999 ], [ -15.936273670416799, 16.438769432617502 ], [ -15.9362734697779, 16.438769446670701 ], [ -15.9362732736873, 16.438769401927601 ], [ -15.934959086656701, 16.438680882188599 ], [ -15.934956291168399, 16.4386808897058 ], [ -15.934170725908601, 16.4387380486186 ], [ -15.934168644202099, 16.4387383104288 ], [ -15.9328795061181, 16.438969681917101 ], [ -15.932876329349501, 16.438970526522802 ], [ -15.931810753554, 16.439350014333701 ], [ -15.9318032970231, 16.439354737354499 ], [ -15.931155253607001, 16.440005010208999 ], [ -15.931155095501699, 16.440005170655301 ], [ -15.9301295892183, 16.4410576507982 ], [ -15.930128090180199, 16.441059376440698 ], [ -15.929320820080299, 16.442103698132701 ], [ -15.9293189040502, 16.442106693665 ], [ -15.928845937664301, 16.443015098993701 ], [ -15.9288448222976, 16.443017665026002 ], [ -15.928494778386, 16.444007152533601 ], [ -15.928493762098601, 16.444011556801499 ], [ -15.928431301367899, 16.444559315472699 ], [ -15.928282218805, 16.444880668782702 ], [ -15.9280056528209, 16.445207273660099 ], [ -15.9280050949297, 16.4452079629094 ], [ -15.927673725579901, 16.4456364405915 ], [ -15.9272964630148, 16.4459336883086 ], [ -15.9267264106598, 16.446233373004102 ], [ -15.925955861053, 16.446467732116702 ], [ -15.924983574439601, 16.4466357290666 ], [ -15.9222967998321, 16.447075488445101 ], [ -15.9222964295008, 16.447075552637902 ], [ -15.920993318417899, 16.447314066034 ], [ -15.9209917161504, 16.447314427878599 ], [ -15.919077419269, 16.4478302040276 ], [ -15.9190763386196, 16.4478305281473 ], [ -15.9170788409105, 16.448491595359702 ], [ -15.915417351475099, 16.4490192573288 ], [ -15.915416192297799, 16.449019665071202 ], [ -15.913203175169, 16.449875364041201 ], [ -15.9117001370366, 16.450416573193301 ], [ -15.910397198871999, 16.450706677742598 ], [ -15.909768290623701, 16.450778678926898 ], [ -15.909124245547901, 16.4505966316677 ], [ -15.908395790499, 16.4502337478317 ], [ -15.9076003726921, 16.4495502977854 ], [ -15.906772865638199, 16.448628680661201 ], [ -15.905751981936, 16.446625104173901 ], [ -15.9057519520144, 16.4466250456877 ], [ -15.904945583493999, 16.445055243457698 ], [ -15.904522327417199, 16.443628240591 ], [ -15.904080556093399, 16.441989469871 ], [ -15.9040804096107, 16.4419889540989 ], [ -15.9038051421261, 16.441066935395401 ], [ -15.9038034069575, 16.4410628471358 ], [ -15.9034625736106, 16.440457284753801 ], [ -15.9034590917122, 16.440452759928402 ], [ -15.902905537043599, 16.439914166389599 ], [ -15.902214959431999, 16.439146350938898 ], [ -15.9022133285681, 16.439144734754699 ], [ -15.9013565557888, 16.4383880491492 ], [ -15.9013555446337, 16.4383872135096 ], [ -15.900575335907099, 16.437784379498598 ], [ -15.9005740115146, 16.437783439525901 ], [ -15.899788333205199, 16.437272475450499 ], [ -15.8997844922577, 16.437270530293102 ], [ -15.8991866633431, 16.437044869788199 ], [ -15.899179623315, 16.437043581166801 ], [ -15.8985997273812, 16.437042917496999 ], [ -15.8985978948738, 16.437042999520099 ], [ -15.8976821844675, 16.4371261950789 ], [ -15.8976803880565, 16.437126440814701 ], [ -15.896865200693799, 16.437275869205301 ], [ -15.896864821776401, 16.437276002548899 ], [ -15.896864420904, 16.437276028243001 ], [ -15.8968618786036, 16.4372770382715 ], [ -15.8968592981327, 16.4372779463569 ], [ -15.8968589789663, 16.437278190266099 ], [ -15.8968586056539, 16.437278338579102 ], [ -15.8964547428379, 16.4375178239817 ], [ -15.895979126933801, 16.437697536577801 ], [ -15.895313829739401, 16.437848067883699 ], [ -15.895309939858, 16.437849379984701 ], [ -15.894777478054101, 16.438092379108401 ], [ -15.8947764984202, 16.438092858880999 ], [ -15.894134955534501, 16.4384290455944 ], [ -15.8941319519428, 16.438430979782598 ], [ -15.893619065803399, 16.438830306626802 ], [ -15.892997475941501, 16.4391390009981 ], [ -15.8925948477041, 16.4392935420287 ], [ -15.8916716540195, 16.439448168008902 ], [ -15.8910244206124, 16.4393850540146 ], [ -15.890297324183701, 16.439166470575898 ], [ -15.8892222089768, 16.438546518892299 ], [ -15.8880806990685, 16.437751510564699 ], [ -15.885575606866499, 16.435352051506801 ], [ -15.8838090421269, 16.433369423815599 ], [ -15.883037926135801, 16.432408073354001 ], [ -15.8830369591949, 16.432406955182 ], [ -15.882110150244699, 16.4314120166168 ], [ -15.8814857086386, 16.430493307250099 ], [ -15.881357315207, 16.430004853604 ], [ -15.881278260955201, 16.429340525895 ], [ -15.8812198003411, 16.4284619727473 ], [ -15.8813572325345, 16.427773422442598 ], [ -15.881503352851499, 16.427412458771499 ], [ -15.881786001389001, 16.4271486115661 ], [ -15.881789077595799, 16.427144960445698 ], [ -15.881791200812099, 16.427140684269901 ], [ -15.8820301123544, 16.426467901352801 ], [ -15.882031263511101, 16.4264614840713 ], [ -15.8820374539741, 16.426012040946201 ], [ -15.882120542578299, 16.4255205130744 ], [ -15.882120821824699, 16.4255173240436 ], [ -15.8821243454515, 16.425029659280298 ], [ -15.8821234112624, 16.4250234720291 ], [ -15.8821228058684, 16.425022262347898 ], [ -15.882194917012599, 16.4238914372715 ], [ -15.882194955047799, 16.423890481052801 ], [ -15.8822075301848, 16.4230961145573 ], [ -15.8822073241185, 16.423092917126201 ], [ -15.8820578828278, 16.422066260608101 ], [ -15.8820578521361, 16.422066057108299 ], [ -15.8819376688134, 16.4212960727329 ], [ -15.881937517292799, 16.421295222803899 ], [ -15.8818235779645, 16.4207273287258 ], [ -15.8818233977787, 16.420726518253201 ], [ -15.8817481782737, 16.420418506731298 ], [ -15.8817469682621, 16.420415001200801 ], [ -15.8816575671572, 16.420217577901301 ], [ -15.881655520719899, 16.4202140618195 ], [ -15.8814870176846, 16.419982458739099 ], [ -15.881331448737001, 16.419764529837899 ], [ -15.881238252278999, 16.419610052975202 ], [ -15.881233858949599, 16.419604960179001 ], [ -15.8812280257517, 16.419601611788501 ], [ -15.8810885131516, 16.419550345628199 ], [ -15.881081638776999, 16.419549118313199 ], [ -15.8808519663426, 16.4195488433188 ], [ -15.880850320513799, 16.4195489091755 ], [ -15.880497064705599, 16.419577650802601 ], [ -15.8804949535578, 16.419577936407801 ], [ -15.8796478022398, 16.4197388869847 ], [ -15.8789383592172, 16.4198273968473 ], [ -15.8786329239101, 16.419819599152401 ], [ -15.878261442133301, 16.4197596875591 ], [ -15.877981756998899, 16.419692869301201 ], [ -15.877487451513201, 16.4195384412537 ], [ -15.877487431156, 16.4195384349057 ], [ -15.8772101545282, 16.419452134132101 ], [ -15.8768528818976, 16.419205243567699 ], [ -15.8764841175225, 16.418895634459702 ], [ -15.876069221994401, 16.418524242233001 ], [ -15.8760679476402, 16.4185231929319 ], [ -15.875804700507, 16.4183240806525 ], [ -15.8758040963212, 16.4183236411614 ], [ -15.8754726432052, 16.418091880066299 ], [ -15.8754707392639, 16.4180907017168 ], [ -15.875233900213299, 16.417961870651901 ], [ -15.875228003370401, 16.417959777321698 ], [ -15.875226417116499, 16.417959734553001 ], [ -15.8752257442121, 16.417958563260001 ], [ -15.8752211030549, 16.4179543663031 ], [ -15.8736744061087, 16.416945211629699 ], [ -15.8736722805396, 16.4169440032402 ], [ -15.8733124627782, 16.416767622493801 ], [ -15.873311866324901, 16.416767342207901 ], [ -15.872901928903399, 16.416582887205401 ], [ -15.872899621223601, 16.416582015659198 ], [ -15.8724486868516, 16.416442820370399 ], [ -15.8724481598158, 16.416442665578401 ], [ -15.8680487967783, 16.4152159269055 ], [ -15.8680487328878, 16.415215909204001 ], [ -15.863935952162899, 16.4140837623445 ], [ -15.8639297336703, 16.414083065827398 ], [ -15.863928140755499, 16.414083393069099 ], [ -15.8627265461093, 16.4137399458061 ], [ -15.8627261210016, 16.4137398293506 ], [ -15.8610181888457, 16.4132921253772 ], [ -15.861018001894999, 16.413292077334301 ], [ -15.8604119777793, 16.413139454145401 ], [ -15.8604064764563, 16.4131388580725 ], [ -15.860401022362, 16.413139792263902 ], [ -15.860396033005401, 16.413142185207501 ], [ -15.8597352311208, 16.413580797355401 ], [ -15.859167786178901, 16.412705021560601 ], [ -15.858944804767001, 16.412047886736701 ], [ -15.858935388028399, 16.411309808927399 ], [ -15.8590289320247, 16.4073092920144 ], [ -15.859211847366501, 16.404454656552701 ], [ -15.8592995322765, 16.403221634034001 ], [ -15.8592995480796, 16.403221390885701 ], [ -15.859347315306399, 16.402410113516801 ], [ -15.8593473422223, 16.4024083844294 ], [ -15.8593166389077, 16.4012994706491 ], [ -15.8593164853005, 16.401297489483301 ], [ -15.8592086585831, 16.400453548126698 ], [ -15.859190431998799, 16.399927044525199 ], [ -15.859210524845199, 16.399498352064199 ], [ -15.859317573535501, 16.399181138477999 ], [ -15.860621830023099, 16.3964605615765 ], [ -15.8606218423829, 16.3964605201514 ], [ -15.8606218667866, 16.396460484468701 ], [ -15.8627737969358, 16.3919221011129 ], [ -15.8627740358334, 16.391921577982998 ], [ -15.8634199418515, 16.390451623844999 ], [ -15.864518495574499, 16.388380993903599 ], [ -15.866069961003101, 16.385528455470102 ], [ -15.866072054010299, 16.385522558512498 ], [ -15.8660722223183, 16.3855163033979 ], [ -15.866070449452, 16.3855103024203 ], [ -15.866067272154, 16.385505672276501 ], [ -15.868094431469601, 16.381706656896 ], [ -15.8680950348904, 16.381705426293902 ], [ -15.868388545614399, 16.381051029447899 ], [ -15.868389629158999, 16.381047970170201 ], [ -15.868530209920401, 16.380517742602802 ], [ -15.868530594453601, 16.380515972021101 ], [ -15.868713366785901, 16.379441854021199 ], [ -15.8687134931478, 16.3794410004556 ], [ -15.869303877775501, 16.374757665719201 ], [ -15.869745375309201, 16.371858312784699 ], [ -15.869815894415799, 16.371420711067302 ], [ -15.8700032199575, 16.370973142653298 ], [ -15.8702711313425, 16.370513703551602 ], [ -15.8764237261445, 16.360906635111199 ], [ -15.8768252777787, 16.3603657773516 ], [ -15.8768256386514, 16.360365086815701 ], [ -15.876826151431199, 16.360364500193299 ], [ -15.878761744747299, 16.357285760738002 ], [ -15.882460647029699, 16.3516300039228 ], [ -15.88437911662, 16.348872183502099 ], [ -15.8868086721585, 16.345812470683398 ], [ -15.8868106169882, 16.345809519125002 ], [ -15.887063854196899, 16.3453394394706 ], [ -15.887064813519199, 16.345337388438899 ], [ -15.8874539726568, 16.344365486474299 ], [ -15.8874553532746, 16.344359499925201 ], [ -15.887533277252601, 16.3432858955093 ], [ -15.8875332751823, 16.343282971613501 ], [ -15.8874569644522, 16.3422518207358 ], [ -15.887456790524, 16.342250282393501 ], [ -15.887275122773699, 16.3410587243207 ], [ -15.885568649005, 16.3253062588172 ], [ -15.8852797993819, 16.3226339006555 ], [ -15.89963722229, 16.310350418090799 ], [ -15.908271789550801, 16.298406600952099 ], [ -15.920697212219199, 16.286785125732401 ], [ -15.931752204895, 16.2820129394531 ], [ -15.9541158676147, 16.280725479126001 ], [ -15.964474678039601, 16.275243759155298 ], [ -15.9726505279541, 16.264966964721701 ], [ -16.012607574462901, 16.214714050293001 ], [ -16.033342361450199, 16.193426132202099 ], [ -16.057090759277301, 16.174730300903299 ], [ -16.060546875, 16.172649383544901 ], [ -16.1007270812988, 16.148475646972699 ], [ -16.121452331543001, 16.145523071289102 ], [ -16.132143020629901, 16.145086288452099 ], [ -16.171371459960898, 16.132930755615199 ], [ -16.195720672607401, 16.117670059204102 ], [ -16.220399856567401, 16.095533370971701 ], [ -16.241825103759801, 16.0763053894043 ], [ -16.2656955718994, 16.0509357452393 ], [ -16.312665939331101, 16.011409759521499 ], [ -16.313705444335898, 16.008222579956101 ], [ -16.315483093261701, 16.002759933471701 ], [ -16.3146057128906, 16.0 ], [ -16.3681449890137, 16.0 ], [ -16.3724670410156, 16.0 ], [ -16.3728923797607, 16.0 ], [ -16.374595642089801, 16.002536773681602 ], [ -16.378635406494102, 16.003038406372099 ], [ -16.381669998168899, 16.001579284668001 ], [ -16.3841361999512, 16.0 ], [ -16.385749816894499, 15.998095512390099 ], [ -16.393011093139599, 15.9931535720825 ], [ -16.399868011474599, 15.991888999939 ], [ -16.407234191894499, 15.9926815032959 ], [ -16.4079189300537, 15.993364334106399 ], [ -16.4108581542969, 15.9962911605835 ], [ -16.408683776855501, 16.0 ], [ -16.4104614257812, 16.001661300659201 ], [ -16.4134922027588, 16.0016689300537 ], [ -16.414850234985401, 16.0 ], [ -16.415388107299801, 15.997590065002401 ], [ -16.4138698577881, 15.9923391342163 ], [ -16.412395477294901, 15.989610671997101 ], [ -16.407831192016602, 15.986475944519 ], [ -16.4009304046631, 15.985217094421399 ], [ -16.388656616210898, 15.9884090423584 ], [ -16.3843383789062, 15.9912462234497 ], [ -16.384361267089801, 15.9902601242065 ], [ -16.3869934082031, 15.974357604980501 ], [ -16.3999843597412, 15.9473934173584 ], [ -16.404811859130898, 15.9419860839844 ], [ -16.417396545410199, 15.9340763092041 ], [ -16.422683715820298, 15.9283800125122 ], [ -16.430282592773398, 15.9201908111572 ], [ -16.450931549072301, 15.904029846191399 ], [ -16.455888748168899, 15.9032077789307 ], [ -16.4643230438232, 15.907799720764199 ], [ -16.4691467285156, 15.9087991714478 ], [ -16.462974548339801, 15.9162340164185 ], [ -16.4621276855469, 15.921756744384799 ], [ -16.462959289550799, 15.9281663894653 ], [ -16.466066360473601, 15.9294900894165 ], [ -16.4679279327393, 15.9276218414307 ], [ -16.4711017608643, 15.9197645187378 ], [ -16.473047256469702, 15.9096059799194 ], [ -16.479032516479499, 15.916119575500501 ], [ -16.484584808349599, 15.9276723861694 ], [ -16.4967441558838, 15.9461584091187 ], [ -16.498649597168001, 15.954596519470201 ], [ -16.49778175354, 15.957373619079601 ], [ -16.497267813595499, 15.958246246277 ], [ -16.508140582170199, 15.971233164296899 ], [ -16.5081377, 15.9714585 ], [ -16.5075691, 15.9742434 ] ] ] ] } }
]
}
